HARP_NO,AR,Begin,End
6599,12552,2016-06-01 13:24:00,2016-06-09 21:24:00
259,11127,2010-11-15 16:24:00,2010-11-24 00:24:00
6566,12548,2016-05-19 00:24:00,2016-05-27 09:00:00
3344,11891,2013-11-02 09:36:00,2013-11-10 23:48:00
11,11063,2010-05-03 04:36:00,2010-05-04 00:24:00
7122,12677,2017-09-02 03:00:00,2017-09-11 04:12:00
1962,11554,2012-08-22 20:00:00,2012-08-31 04:48:00
1,11067,2010-05-01 00:00:00,2010-05-09 08:36:00
932,11313,2011-10-04 18:48:00,2011-10-13 12:36:00
3813,11996,2014-03-01 00:24:00,2014-03-10 17:00:00
6957,12640,2017-02-23 19:36:00,2017-02-25 12:12:00
2270,11630,2012-12-06 17:12:00,2012-12-15 02:48:00
3608,11953,2014-01-08 19:36:00,2014-01-17 09:00:00
6764,12593,2016-09-18 04:00:00,2016-09-18 23:48:00
2502,11681,2013-02-24 05:36:00,2013-03-04 16:48:00
6994,12653,2017-04-20 23:48:00,2017-04-29 08:24:00
5537,12338,2015-05-03 16:48:00,2015-05-12 03:00:00
2489,11673,2013-02-14 01:12:00,2013-02-22 22:24:00
2338,11641,2012-12-29 18:36:00,2013-01-07 03:12:00
107,11094,2010-07-28 12:36:00,2010-08-05 20:36:00
7240,12700,2018-02-26 00:48:00,2018-02-26 23:12:00
661,11234,2011-06-09 01:12:00,2011-06-17 09:12:00
3740,11977,2014-02-10 00:36:00,2014-02-18 15:12:00
5331,12299,2015-03-12 22:00:00,2015-03-13 20:24:00
1396,11419,2012-02-12 00:24:00,2012-02-21 08:48:00
2112,11590,2012-10-10 03:36:00,2012-10-16 21:48:00
4205,12082,2014-06-03 18:48:00,2014-06-12 03:36:00
3542,11937,2013-12-25 01:12:00,2014-01-02 09:24:00
5127,12277,2015-01-27 12:36:00,2015-02-05 10:12:00
3557,11938,2013-12-29 16:36:00,2013-12-30 12:24:00
2661,11724,2013-04-12 14:48:00,2013-04-21 04:36:00
338,11145,2011-01-08 09:12:00,2011-01-09 05:00:00
6361,12505,2016-02-15 10:36:00,2016-02-24 10:36:00
2852,11775,2013-06-12 17:24:00,2013-06-21 01:24:00
3580,11946,2014-01-04 05:00:00,2014-01-12 14:12:00
674,11237,2011-06-16 16:48:00,2011-06-25 01:24:00
5456,12325,2015-04-13 15:48:00,2015-04-22 06:00:00
3999,12036,2014-04-10 18:48:00,2014-04-19 03:00:00
7269,12713,2018-06-11 20:00:00,2018-06-20 04:12:00
4760,12201,2014-10-29 14:00:00,2014-11-06 22:36:00
853,11292,2011-09-10 20:48:00,2011-09-19 18:24:00
847,11289,2011-09-05 21:00:00,2011-09-14 10:12:00
6759,12592,2016-09-14 16:24:00,2016-09-23 00:48:00
6981,12647,2017-03-31 09:36:00,2017-04-01 05:24:00
700,11245,2011-07-06 20:00:00,2011-07-15 09:12:00
1750,11504,2012-06-08 11:36:00,2012-06-17 19:24:00
1744,11507,2012-06-07 14:00:00,2012-06-16 21:48:00
4166,12075,2014-05-23 10:12:00,2014-05-31 19:00:00
927,11312,2011-10-03 18:00:00,2011-10-12 05:00:00
10,11066,2010-05-02 23:12:00,2010-05-03 19:00:00
3437,11909,2013-11-26 18:24:00,2013-12-05 07:24:00
270,11128,2010-11-24 02:36:00,2010-12-02 10:36:00
2098,11585,2012-10-01 15:24:00,2012-10-10 06:48:00
5939,12410,2015-09-03 01:00:00,2015-09-04 00:00:00
1578,11460,2012-04-15 11:36:00,2012-04-24 02:24:00
5736,12377,2015-07-01 09:36:00,2015-07-02 10:48:00
2059,11579,2012-09-23 21:24:00,2012-10-02 16:00:00
12,11068,2010-05-03 05:12:00,2010-05-11 13:24:00
514,11196,2011-04-18 13:12:00,2011-04-27 03:12:00
3804,11991,2014-02-25 07:00:00,2014-03-06 13:48:00
2,11064,2010-05-01 00:00:00,2010-05-01 20:12:00
3192,11847,2013-09-17 00:36:00,2013-09-26 06:48:00
4616,12178,2014-09-27 02:36:00,2014-10-05 11:00:00
2501,11682,2013-02-23 20:00:00,2013-03-05 01:48:00
6015,12434,2015-10-12 22:48:00,2015-10-21 06:48:00
702,11249,2011-07-07 09:24:00,2011-07-08 10:12:00
6983,12650,2017-04-08 21:48:00,2017-04-17 11:12:00
5246,12292,2015-02-22 10:36:00,2015-03-03 19:00:00
851,11291,2011-09-08 18:00:00,2011-09-17 12:36:00
1183,11376,2011-12-11 08:24:00,2011-12-19 17:48:00
6820,12604,2016-10-25 21:24:00,2016-10-26 23:12:00
6613,12553,2016-06-09 18:00:00,2016-06-18 12:24:00
892,11302,2011-09-21 12:36:00,2011-10-01 00:24:00
1168,11374,2011-12-07 10:48:00,2011-12-15 19:00:00
3019,11807,2013-07-28 10:24:00,2013-07-29 06:12:00
3031,11810,2013-07-31 01:24:00,2013-08-08 11:36:00
5326,12299,2015-03-11 14:12:00,2015-03-12 13:12:00
676,11239,2011-06-18 08:48:00,2011-06-27 21:00:00
662,11235,2011-06-09 09:00:00,2011-06-17 16:48:00
104,11092,2010-07-27 19:36:00,2010-08-05 03:36:00
1632,11474,2012-05-01 17:12:00,2012-05-11 03:36:00
5865,12400,2015-08-09 10:48:00,2015-08-17 19:48:00
2878,11777,2013-06-19 16:12:00,2013-06-28 00:12:00
5118,12273,2015-01-25 17:48:00,2015-01-26 13:36:00
2677,11733,2013-04-20 02:12:00,2013-04-29 04:00:00
2663,11723,2013-04-13 04:12:00,2013-04-21 18:00:00
2887,11778,2013-06-22 05:12:00,2013-06-30 13:00:00
1425,11427,2012-02-24 23:24:00,2012-03-05 07:12:00
6404,12515,2016-03-02 13:24:00,2016-03-03 13:12:00
2110,11587,2012-10-09 02:24:00,2012-10-09 22:36:00
2460,11670,2013-02-05 21:00:00,2013-02-14 05:36:00
2306,11634,2012-12-14 06:48:00,2012-12-22 15:12:00
878,11301,2011-09-17 22:36:00,2011-09-27 00:00:00
4978,12248,2014-12-21 23:00:00,2014-12-30 09:12:00
850,11290,2011-09-08 13:24:00,2011-09-17 06:00:00
1021,11334,2011-10-29 23:12:00,2011-11-07 07:00:00
6982,12648,2017-04-01 08:24:00,2017-04-09 16:36:00
918,11309,2011-10-01 07:36:00,2011-10-09 21:12:00
273,11129,2010-11-27 10:24:00,2010-11-28 06:12:00
5051,12260,2015-01-08 10:24:00,2015-01-16 18:36:00
3420,11905,2013-11-22 15:24:00,2013-12-01 02:48:00
1237,11386,2011-12-22 18:36:00,2011-12-31 03:24:00
6558,12546,2016-05-13 19:36:00,2016-05-22 04:12:00
2716,11739,2013-05-02 23:36:00,2013-05-11 07:48:00
1596,11465,2012-04-19 14:48:00,2012-04-28 01:12:00
1582,11461,2012-04-16 12:12:00,2012-04-25 03:00:00
6206,12473,2015-12-21 05:00:00,2015-12-30 14:48:00
6789,12598,2016-10-01 18:12:00,2016-10-10 02:12:00
1970,11555,2012-08-24 15:12:00,2012-09-01 23:36:00
6986,12651,2017-04-17 19:24:00,2017-04-26 10:36:00
3154,11838,2013-09-04 18:24:00,2013-09-13 20:24:00
2504,11680,2013-02-24 16:24:00,2013-03-05 03:36:00
2262,11628,2012-12-04 11:36:00,2012-12-12 23:24:00
6010,12431,2015-10-10 06:36:00,2015-10-18 15:24:00
5492,12333,2015-04-21 12:36:00,2015-04-29 20:48:00
115,11093,2010-08-03 10:36:00,2010-08-11 18:36:00
7246,12703,2018-03-29 13:12:00,2018-04-06 23:12:00
667,11236,2011-06-13 12:48:00,2011-06-21 20:36:00
6164,12464,2015-12-04 18:00:00,2015-12-13 02:12:00
1390,11418,2012-02-09 01:12:00,2012-02-18 09:36:00
3587,11947,2014-01-05 13:24:00,2014-01-06 09:12:00
5848,12396,2015-08-03 01:48:00,2015-08-11 10:36:00
6399,12512,2016-03-01 00:24:00,2016-03-10 15:24:00
7050,12663,2017-06-14 16:48:00,2017-06-15 13:00:00
5653,12365,2015-06-05 05:24:00,2015-06-13 13:36:00
2672,11727,2013-04-19 01:24:00,2013-04-28 01:24:00
2666,11717,2013-04-16 08:48:00,2013-04-16 11:24:00
2673,11726,2013-04-19 04:24:00,2013-04-20 00:12:00
1391,11417,2012-02-09 04:00:00,2012-02-18 12:24:00
6398,12510,2016-02-29 21:48:00,2016-03-10 12:48:00
4000,12035,2014-04-10 23:00:00,2014-04-19 07:12:00
6617,12558,2016-06-11 16:48:00,2016-06-20 01:24:00
6171,12467,2015-12-08 18:36:00,2015-12-09 14:24:00
128,11097,2010-08-09 17:12:00,2010-08-18 01:48:00
114,11095,2010-08-03 05:48:00,2010-08-11 13:48:00
4969,12245,2014-12-20 01:36:00,2014-12-28 11:48:00
4955,12249,2014-12-17 09:24:00,2014-12-25 19:24:00
6824,12605,2016-10-29 20:48:00,2016-11-07 09:24:00
3784,11987,2014-02-21 04:36:00,2014-03-01 20:24:00
869,11297,2011-09-13 16:48:00,2011-09-14 14:12:00
4941,12241,2014-12-12 21:00:00,2014-12-21 07:00:00
6777,12593,2016-09-25 17:48:00,2016-09-25 19:36:00
2511,11683,2013-02-27 05:48:00,2013-03-07 22:36:00
1756,11506,2012-06-09 04:36:00,2012-06-18 12:24:00
1959,11553,2012-08-22 05:12:00,2012-08-30 13:24:00
909,11307,2011-09-28 03:12:00,2011-10-07 11:00:00
1795,11512,2012-06-22 21:12:00,2012-07-01 05:36:00
2061,11580,2012-09-24 11:48:00,2012-10-03 04:36:00
538,11200,2011-04-25 13:24:00,2011-05-04 00:00:00
4376,12120,2014-07-18 15:24:00,2014-07-19 11:12:00
7131,12680,2017-09-09 10:12:00,2017-09-17 18:12:00
5054,12261,2015-01-08 20:48:00,2015-01-17 05:00:00
504,11193,2011-04-11 21:48:00,2011-04-20 21:00:00
5083,12263,2015-01-15 04:48:00,2015-01-16 00:36:00
2920,11785,2013-07-01 06:00:00,2013-07-09 14:00:00
2922,11784,2013-07-01 10:36:00,2013-07-09 18:36:00
274,11130,2010-11-27 15:12:00,2010-11-28 11:00:00
2739,11745,2013-05-10 06:36:00,2013-05-18 15:00:00
3341,11890,2013-11-01 23:12:00,2013-11-10 08:36:00
5718,12373,2015-06-27 11:00:00,2015-07-06 00:48:00
6205,12472,2015-12-21 03:48:00,2015-12-30 13:48:00
6952,12638,2017-02-19 03:36:00,2017-02-28 15:00:00
3194,11846,2013-09-17 05:36:00,2013-09-26 04:48:00
6946,12634,2017-02-05 12:24:00,2017-02-13 22:12:00
1026,11338,2011-10-31 16:12:00,2011-11-09 00:00:00
3631,11955,2014-01-14 07:12:00,2014-01-22 21:12:00
5526,12335,2015-04-30 04:36:00,2015-05-08 14:48:00
4610,12177,2014-09-25 08:36:00,2014-10-03 17:24:00
843,11287,2011-09-02 19:00:00,2011-09-11 03:00:00
1807,11515,2012-06-26 04:00:00,2012-07-04 12:36:00
1634,11475,2012-05-02 08:00:00,2012-05-11 17:12:00
116,11096,2010-08-03 12:48:00,2010-08-12 09:36:00
7251,12706,2018-04-18 22:36:00,2018-04-27 10:12:00
2329,11639,2012-12-26 09:00:00,2013-01-03 17:24:00
5446,12322,2015-04-10 12:48:00,2015-04-19 03:00:00
3779,11986,2014-02-18 23:24:00,2014-02-27 10:24:00
6167,12465,2015-12-06 07:00:00,2015-12-14 15:12:00
4764,12203,2014-10-30 12:36:00,2014-11-07 20:48:00
6615,12554,2016-06-11 01:24:00,2016-06-11 21:12:00
6359,12501,2016-02-14 07:36:00,2016-02-23 00:48:00
466,11184,2011-03-30 11:00:00,2011-04-08 07:48:00
1350,11410,2012-01-26 03:00:00,2012-02-03 11:48:00
5644,12362,2015-06-03 02:24:00,2015-06-11 11:00:00
1422,11423,2012-02-22 20:24:00,2012-03-05 04:12:00
6403,12513,2016-03-02 10:00:00,2016-03-11 21:12:00
2117,11593,2012-10-16 16:36:00,2012-10-26 06:48:00
5692,12371,2015-06-15 14:36:00,2015-06-23 23:00:00
6172,12468,2015-12-09 10:36:00,2015-12-17 20:12:00
2314,11635,2012-12-18 01:48:00,2012-12-26 10:00:00
5447,12321,2015-04-10 14:36:00,2015-04-19 04:48:00
1621,11471,2012-04-27 10:48:00,2012-05-06 20:00:00
3022,11808,2013-07-29 03:24:00,2013-08-06 12:12:00
4995,12250,2014-12-25 05:36:00,2014-12-26 01:24:00
1806,11513,2012-06-25 21:24:00,2012-07-04 06:00:00
856,11295,2011-09-11 13:48:00,2011-09-20 12:36:00
4942,12239,2014-12-12 23:24:00,2014-12-21 09:24:00
3793,11990,2014-02-23 14:00:00,2014-03-04 14:00:00
6006,12432,2015-10-08 22:00:00,2015-10-17 06:48:00
1999,11564,2012-08-30 12:36:00,2012-09-08 18:00:00
4639,12182,2014-10-01 12:48:00,2014-10-10 04:24:00
4375,12119,2014-07-18 09:36:00,2014-07-19 05:24:00
2710,11736,2013-04-30 19:00:00,2013-05-01 14:48:00
6576,12551,2016-05-23 08:12:00,2016-05-31 16:48:00
3432,11908,2013-11-25 23:36:00,2013-12-04 12:12:00
5916,12405,2015-08-26 11:24:00,2015-09-04 22:24:00
7169,12685,2017-10-20 22:48:00,2017-10-29 06:48:00
2011,11566,2012-09-03 11:24:00,2012-09-12 19:12:00
2039,11574,2012-09-16 12:12:00,2012-09-18 09:48:00
4879,12223,2014-11-27 04:12:00,2014-11-28 00:00:00
4851,12216,2014-11-19 07:48:00,2014-11-28 00:36:00
6920,12628,2017-01-19 09:00:00,2017-01-28 00:24:00
6075,12448,2015-11-03 19:36:00,2015-11-12 05:24:00
3119,11834,2013-08-23 19:00:00,2013-09-01 03:00:00
4138,12065,2014-05-14 13:36:00,2014-05-23 09:00:00
6868,12614,2016-11-28 02:48:00,2016-11-28 22:36:00
2401,11659,2013-01-15 18:36:00,2013-01-16 20:12:00
602,11214,2011-05-13 17:24:00,2011-05-22 01:12:00
7237,12699,2018-02-04 05:00:00,2018-02-12 18:12:00
1120,11362,2011-11-27 06:00:00,2011-12-05 18:12:00
4272,12096,2014-06-21 19:36:00,2014-06-30 07:48:00
6317,12492,2016-02-01 07:36:00,2016-02-09 16:48:00
3247,11857,2013-10-01 17:24:00,2013-10-10 14:00:00
5144,12280,2015-02-01 13:48:00,2015-02-10 04:00:00
3535,11936,2013-12-22 18:48:00,2013-12-31 02:36:00
414,11170,2011-03-07 17:00:00,2011-03-08 12:48:00
415,11171,2011-03-07 23:48:00,2011-03-16 14:48:00
7034,12661,2017-05-31 13:48:00,2017-06-08 23:12:00
367,11156,2011-02-08 04:00:00,2011-02-16 12:12:00
5637,12360,2015-06-01 03:24:00,2015-06-09 11:24:00
3520,11931,2013-12-18 01:36:00,2013-12-26 09:48:00
5151,12281,2015-02-03 02:24:00,2015-02-11 16:36:00
401,11166,2011-03-02 08:36:00,2011-03-10 19:24:00
429,11173,2011-03-15 18:24:00,2011-03-24 19:48:00
6302,12490,2016-01-23 23:24:00,2016-02-01 09:48:00
6464,12528,2016-03-30 21:00:00,2016-04-08 06:24:00
5186,12282,2015-02-07 12:24:00,2015-02-15 21:48:00
3291,11875,2013-10-16 15:48:00,2013-10-25 06:24:00
2825,11765,2013-06-03 22:12:00,2013-06-12 12:12:00
1653,11479,2012-05-10 13:36:00,2012-05-18 22:36:00
2372,11654,2013-01-07 18:48:00,2013-01-17 08:12:00
4065,12048,2014-04-24 16:36:00,2014-04-26 22:24:00
2400,11660,2013-01-15 07:12:00,2013-01-24 20:36:00
4071,12047,2014-04-26 01:00:00,2014-05-04 09:24:00
6666,12564,2016-07-08 04:00:00,2016-07-16 12:48:00
6100,12454,2015-11-12 15:24:00,2015-11-21 01:00:00
2366,11653,2013-01-05 07:48:00,2013-01-14 15:36:00
6699,12574,2016-08-07 00:12:00,2016-08-15 13:12:00
6869,12616,2016-11-28 06:24:00,2016-11-29 02:12:00
824,11281,2011-08-27 14:36:00,2011-09-04 22:24:00
5233,12290,2015-02-18 01:00:00,2015-02-26 19:48:00
1041,11341,2011-11-05 00:12:00,2011-11-13 10:00:00
5541,12339,2015-05-04 16:36:00,2015-05-13 02:48:00
4111,12060,2014-05-07 13:48:00,2014-05-15 22:12:00
2560,11696,2013-03-10 09:36:00,2013-03-19 14:36:00
5596,12353,2015-05-19 11:12:00,2015-05-27 20:00:00
950,11316,2011-10-10 20:48:00,2011-10-19 12:00:00
3483,11921,2013-12-08 20:36:00,2013-12-17 04:24:00
6289,12488,2016-01-18 15:48:00,2016-01-27 05:24:00
3497,11928,2013-12-11 18:24:00,2013-12-20 02:36:00
2760,11755,2013-05-19 08:12:00,2013-05-27 16:24:00
71,11084,2010-06-25 21:48:00,2010-07-04 06:00:00
2748,11748,2013-05-13 05:36:00,2013-05-21 14:00:00
3330,11887,2013-10-29 18:48:00,2013-11-07 04:00:00
211,11112,2010-10-08 08:12:00,2010-10-17 00:00:00
1527,11451,2012-03-29 22:00:00,2012-04-07 12:48:00
1080,11357,2011-11-14 04:12:00,2011-11-23 06:12:00
198,11111,2010-09-27 20:00:00,2010-10-07 02:00:00
3907,12024,2014-03-24 20:12:00,2014-04-02 06:36:00
4932,12236,2014-12-10 23:00:00,2014-12-19 08:48:00
6670,12565,2016-07-10 20:48:00,2016-07-19 05:36:00
4073,12049,2014-04-26 19:36:00,2014-05-05 04:00:00
5351,12309,2015-03-19 12:48:00,2015-03-20 09:48:00
1484,11440,2012-03-19 00:48:00,2012-03-19 22:36:00
4265,12095,2014-06-17 15:24:00,2014-06-18 11:36:00
1309,11396,2012-01-11 12:48:00,2012-01-12 16:24:00
1447,11428,2012-03-01 13:36:00,2012-03-10 11:36:00
371,11159,2011-02-10 04:36:00,2011-02-11 00:24:00
1321,11402,2012-01-14 06:24:00,2012-01-23 08:36:00
5635,12358,2015-05-30 22:48:00,2015-06-08 06:48:00
7022,12659,2017-05-21 05:36:00,2017-05-29 15:24:00
364,11157,2011-02-06 13:48:00,2011-02-16 09:12:00
6301,12489,2016-01-23 22:24:00,2016-02-01 07:00:00
2173,11604,2012-11-01 22:24:00,2012-11-10 06:48:00
2832,11768,2013-06-05 04:48:00,2013-06-13 13:12:00
5807,12390,2015-07-23 11:00:00,2015-07-31 20:00:00
6881,12617,2016-12-11 14:00:00,2016-12-12 09:48:00
3721,11974,2014-02-04 23:24:00,2014-02-13 15:00:00
6895,12621,2016-12-26 08:00:00,2016-12-27 03:48:00
7235,12697,2018-01-30 08:36:00,2018-01-31 04:24:00
5422,12318,2015-04-02 22:36:00,2015-04-11 14:12:00
2403,11652,2013-01-16 10:48:00,2013-01-16 12:36:00
2371,11657,2013-01-07 02:24:00,2013-01-08 20:48:00
1877,11527,2012-07-22 09:36:00,2012-07-30 23:48:00
3912,12021,2014-03-25 11:48:00,2014-04-03 06:36:00
833,11283,2011-08-29 23:12:00,2011-09-07 07:00:00
1724,11494,2012-05-30 22:48:00,2012-06-08 15:24:00
5230,12289,2015-02-17 21:36:00,2015-02-26 16:36:00
6711,12578,2016-08-14 18:00:00,2016-08-24 00:00:00
748,11265,2011-07-24 03:00:00,2011-08-01 13:12:00
6063,12443,2015-10-28 07:48:00,2015-11-05 22:24:00
6922,12627,2017-01-19 13:00:00,2017-01-28 04:24:00
1903,11535,2012-07-28 23:00:00,2012-08-06 06:48:00
5026,12257,2015-01-04 03:48:00,2015-01-12 12:00:00
3457,11912,2013-12-01 16:36:00,2013-12-10 02:00:00
2007,11565,2012-09-02 12:12:00,2012-09-03 14:00:00
6507,12535,2016-04-24 03:12:00,2016-05-02 17:00:00
2952,11791,2013-07-10 09:36:00,2013-07-18 23:12:00
5783,12388,2015-07-13 16:24:00,2015-07-14 12:12:00
7190,12688,2017-11-16 07:24:00,2017-11-17 03:12:00
5963,12419,2015-09-13 20:48:00,2015-09-22 19:12:00
2981,11800,2013-07-17 13:12:00,2013-07-26 09:00:00
5036,12258,2015-01-06 01:24:00,2015-01-14 10:00:00
7147,12682,2017-09-23 23:24:00,2017-10-02 08:00:00
5750,12378,2015-07-04 21:12:00,2015-07-05 17:00:00
3321,11884,2013-10-26 07:00:00,2013-11-03 15:00:00
572,11206,2011-05-02 16:48:00,2011-05-03 13:24:00
5022,12255,2015-01-01 05:48:00,2015-01-09 14:00:00
2017,11568,2012-09-05 12:00:00,2012-09-06 08:12:00
1278,11391,2012-01-02 04:48:00,2012-01-10 14:36:00
3686,11967,2014-01-26 23:00:00,2014-02-04 11:24:00
1907,11538,2012-07-30 22:24:00,2012-08-08 06:12:00
764,11267,2011-08-04 10:12:00,2011-08-05 06:00:00
6715,12580,2016-08-21 06:12:00,2016-08-30 15:12:00
6846,12611,2016-11-15 19:36:00,2016-11-24 06:24:00
1873,11526,2012-07-19 09:12:00,2012-07-27 23:24:00
1126,11364,2011-11-28 23:48:00,2011-12-07 12:00:00
610,11218,2011-05-17 15:48:00,2011-05-25 23:36:00
5354,12305,2015-03-20 14:12:00,2015-03-28 23:48:00
6661,12561,2016-07-06 08:48:00,2016-07-07 11:48:00
3719,11973,2014-02-04 12:12:00,2014-02-13 03:48:00
6107,12455,2015-11-14 10:48:00,2015-11-15 06:36:00
1495,11447,2012-03-22 12:24:00,2012-03-23 10:00:00
1318,11399,2012-01-13 16:48:00,2012-01-22 06:00:00
5618,12356,2015-05-26 11:12:00,2015-06-03 20:12:00
2177,11608,2012-11-04 10:12:00,2012-11-12 18:36:00
2605,11711,2013-03-29 02:36:00,2013-04-07 12:24:00
2176,11606,2012-11-04 05:12:00,2012-11-05 01:00:00
361,11152,2011-02-02 15:24:00,2011-02-03 11:12:00
407,11169,2011-03-05 07:24:00,2011-03-13 18:12:00
639,11228,2011-05-28 15:36:00,2011-06-05 23:24:00
1669,11485,2012-05-15 01:36:00,2012-05-23 10:48:00
4711,12193,2014-10-17 18:24:00,2014-10-26 08:36:00
2360,11650,2013-01-04 02:24:00,2013-01-13 10:12:00
605,11216,2011-05-15 11:12:00,2011-05-23 19:00:00
3056,11818,2013-08-09 06:36:00,2013-08-17 14:48:00
3730,11976,2014-02-07 21:36:00,2014-02-16 12:24:00
1866,11524,2012-07-15 08:36:00,2012-07-23 16:24:00
4088,12052,2014-05-01 21:12:00,2014-05-10 05:12:00
759,11266,2011-08-02 09:48:00,2011-08-10 18:24:00
956,11318,2011-10-11 19:12:00,2011-10-12 15:12:00
3877,12011,2014-03-18 08:36:00,2014-03-19 05:00:00
1090,11359,2011-11-16 04:12:00,2011-11-24 12:00:00
2599,11710,2013-03-27 12:12:00,2013-04-05 04:00:00
4315,12108,2014-06-30 18:24:00,2014-07-09 03:24:00
49,11079,2010-06-08 03:36:00,2010-06-08 23:24:00
5745,12381,2015-07-03 12:24:00,2015-07-12 04:12:00
2758,11756,2013-05-18 10:12:00,2013-05-26 18:24:00
6258,12484,2016-01-10 02:48:00,2016-01-18 18:00:00
5976,12421,2015-09-20 12:24:00,2015-09-29 14:24:00
5974,12420,2015-09-19 19:24:00,2015-09-28 04:24:00
3336,11889,2013-10-31 23:48:00,2013-11-09 11:12:00
7144,12681,2017-09-20 00:12:00,2017-09-28 08:36:00
6500,12532,2016-04-15 07:36:00,2016-04-23 16:48:00
5586,12351,2015-05-17 07:36:00,2015-05-25 16:12:00
4698,12192,2014-10-16 09:12:00,2014-10-24 21:48:00
1092,11354,2011-11-16 21:24:00,2011-11-25 05:12:00
940,11314,2011-10-08 14:12:00,2011-10-17 05:24:00
798,11272,2011-08-15 17:12:00,2011-08-24 02:00:00
4868,12219,2014-11-24 06:12:00,2014-12-02 20:24:00
5545,12342,2015-05-08 10:12:00,2015-05-17 02:48:00
6716,12583,2016-08-22 01:48:00,2016-08-31 11:36:00
997,11330,2011-10-21 09:12:00,2011-10-29 22:12:00
3097,11824,2013-08-17 06:12:00,2013-08-18 02:00:00
4920,12242,2014-12-09 05:12:00,2014-12-17 13:48:00
4908,12232,2014-12-07 01:48:00,2014-12-15 10:00:00
6892,12620,2016-12-19 18:24:00,2016-12-20 14:12:00
175,11106,2010-09-10 10:48:00,2010-09-19 01:12:00
2362,11652,2013-01-05 02:48:00,2013-01-14 10:36:00
6662,12562,2016-07-07 00:36:00,2016-07-15 09:24:00
4075,12050,2014-04-27 02:36:00,2014-05-05 11:00:00
1119,11361,2011-11-26 05:24:00,2011-12-04 17:36:00
3068,11825,2013-08-12 01:00:00,2013-08-20 09:00:00
4288,12100,2014-06-25 16:24:00,2014-07-04 02:00:00
3295,11877,2013-10-18 04:00:00,2013-10-26 18:24:00
2809,11760,2013-05-28 22:24:00,2013-06-06 07:24:00
377,11158,2011-02-10 22:00:00,2011-02-19 05:48:00
6313,12491,2016-01-30 22:24:00,2016-02-08 07:36:00
362,11153,2011-02-03 04:48:00,2011-02-04 00:36:00
2808,11761,2013-05-28 21:00:00,2013-05-29 16:48:00
5183,12286,2015-02-07 10:12:00,2015-02-16 01:36:00
1497,11446,2012-03-22 17:00:00,2012-03-23 14:36:00
2411,11661,2013-01-21 09:00:00,2013-01-22 04:48:00
5342,12303,2015-03-16 14:12:00,2015-03-25 01:00:00
1124,11363,2011-11-28 16:24:00,2011-12-07 04:36:00
6688,12572,2016-07-28 03:24:00,2016-07-28 23:12:00
4921,12234,2014-12-09 06:36:00,2014-12-17 15:12:00
3082,11823,2013-08-14 20:36:00,2013-08-23 05:00:00
6703,12576,2016-08-08 06:48:00,2016-08-17 09:36:00
2571,11700,2013-03-15 09:00:00,2013-03-24 10:12:00
3647,11960,2014-01-17 09:00:00,2014-01-25 17:24:00
5550,12347,2015-05-10 15:12:00,2015-05-19 07:00:00
1722,11496,2012-05-30 16:24:00,2012-06-08 09:00:00
772,11269,2011-08-07 22:48:00,2011-08-10 20:48:00
3874,12013,2014-03-17 19:24:00,2014-03-26 12:36:00
1093,11353,2011-11-16 22:48:00,2011-11-25 06:36:00
3848,12005,2014-03-11 20:00:00,2014-03-21 07:24:00
6930,12629,2017-01-24 11:48:00,2017-02-02 04:00:00
6515,12536,2016-04-25 09:00:00,2016-05-03 23:12:00
6273,12485,2016-01-13 21:00:00,2016-01-22 11:12:00
2968,11793,2013-07-13 19:00:00,2013-07-22 08:36:00
2954,11792,2013-07-10 22:12:00,2013-07-19 11:48:00
7192,12689,2017-11-20 03:36:00,2017-11-28 11:48:00
5944,12414,2015-09-05 22:00:00,2015-09-15 09:36:00
6281,12487,2016-01-16 18:00:00,2016-01-25 07:36:00
7148,12683,2017-09-24 19:48:00,2017-10-03 04:24:00
6530,12540,2016-04-29 15:36:00,2016-04-30 12:00:00
3448,11916,2013-11-30 06:24:00,2013-12-08 15:48:00
5039,12259,2015-01-06 20:24:00,2015-01-15 05:00:00
6242,12480,2016-01-06 00:00:00,2016-01-14 21:36:00
3312,11869,2013-10-24 06:12:00,2013-10-25 08:12:00
5005,12256,2014-12-28 00:12:00,2015-01-05 10:12:00
6518,12537,2016-04-26 02:48:00,2016-04-26 23:00:00
5011,12253,2014-12-29 07:36:00,2015-01-06 15:36:00
2597,11713,2013-03-27 20:00:00,2013-04-05 11:48:00
3845,12003,2014-03-09 15:36:00,2014-03-10 14:24:00
2583,11703,2013-03-20 10:48:00,2013-03-21 09:12:00
794,11271,2011-08-14 22:24:00,2011-08-23 07:12:00
3879,12014,2014-03-18 21:48:00,2014-03-27 13:00:00
6732,12586,2016-09-01 00:24:00,2016-09-01 23:00:00
6054,12440,2015-10-24 17:24:00,2015-10-25 13:12:00
5549,12344,2015-05-09 23:12:00,2015-05-18 15:00:00
4131,12066,2014-05-13 06:12:00,2014-05-22 01:36:00
1075,11347,2011-11-12 16:48:00,2011-11-13 12:36:00
4092,12053,2014-05-03 05:24:00,2014-05-11 13:36:00
2420,11663,2013-01-24 19:48:00,2013-02-03 15:48:00
5415,12320,2015-04-02 06:36:00,2015-04-10 20:00:00
145,11101,2010-08-23 22:24:00,2010-09-01 09:24:00
7202,12690,2017-12-06 00:48:00,2017-12-06 20:48:00
637,11226,2011-05-27 06:24:00,2011-06-04 14:12:00
2193,11614,2012-11-10 17:12:00,2012-11-20 01:00:00
384,11160,2011-02-12 19:00:00,2011-02-21 02:48:00
5818,12391,2015-07-26 19:48:00,2015-08-04 04:48:00
2636,11718,2013-04-05 15:12:00,2013-04-14 04:36:00
2178,11607,2012-11-04 19:12:00,2012-11-05 15:00:00
421,11172,2011-03-11 01:12:00,2011-03-19 21:48:00
1465,11433,2012-03-10 05:00:00,2012-03-19 09:00:00
3515,11930,2013-12-16 21:24:00,2013-12-25 05:36:00
7015,12658,2017-05-17 08:24:00,2017-05-25 17:24:00
1464,11434,2012-03-10 01:12:00,2012-03-19 03:36:00
3273,11869,2013-10-12 07:00:00,2013-10-20 16:48:00
3267,11867,2013-10-09 04:00:00,2013-10-17 20:12:00
6492,12531,2016-04-12 18:00:00,2016-04-21 09:36:00
5831,12394,2015-07-29 11:24:00,2015-08-06 21:24:00
2186,11611,2012-11-07 05:12:00,2012-11-15 13:36:00
3703,11975,2014-02-01 07:36:00,2014-02-09 16:24:00
2353,11645,2013-01-02 19:36:00,2013-01-03 15:36:00
187,11109,2010-09-21 05:36:00,2010-09-30 21:24:00
805,11275,2011-08-20 16:48:00,2011-08-29 03:36:00
5212,12284,2015-02-12 15:24:00,2015-02-21 00:00:00
6069,12446,2015-10-31 09:24:00,2015-11-01 05:12:00
2227,11620,2012-11-18 21:12:00,2012-11-28 05:24:00
2541,11691,2013-03-07 01:36:00,2013-03-16 05:36:00
3688,11968,2014-01-27 08:00:00,2014-02-04 20:24:00
540,11199,2011-04-25 14:00:00,2011-04-26 09:48:00
226,11117,2010-10-18 19:36:00,2010-10-27 09:48:00
46,11078,2010-06-02 20:00:00,2010-06-11 23:00:00
597,11213,2011-05-11 23:12:00,2011-05-12 19:00:00
5789,12387,2015-07-14 21:48:00,2015-07-23 13:24:00
218,11113,2010-10-13 02:24:00,2010-10-21 11:24:00
5990,12428,2015-09-26 20:12:00,2015-09-27 16:00:00
2999,11801,2013-07-22 16:36:00,2013-07-31 08:12:00
224,11119,2010-10-18 04:00:00,2010-10-26 12:12:00
556,11203,2011-04-28 07:48:00,2011-05-06 18:48:00
3311,11882,2013-10-24 00:48:00,2013-11-01 15:00:00
1089,11352,2011-11-15 12:00:00,2011-11-23 19:48:00
2543,11698,2013-03-08 02:24:00,2013-03-17 09:48:00
2557,11695,2013-03-10 22:00:00,2013-03-20 02:48:00
6731,12585,2016-08-30 09:48:00,2016-09-09 00:12:00
740,11259,2011-07-17 13:36:00,2011-07-26 04:12:00
3113,11829,2013-08-20 16:48:00,2013-08-21 12:36:00
6692,12571,2016-08-04 02:12:00,2016-08-05 23:00:00
3098,11827,2013-08-17 20:00:00,2013-08-26 04:24:00
3926,12022,2014-03-27 12:24:00,2014-04-05 03:24:00
185,11108,2010-09-15 20:00:00,2010-09-25 08:12:00
6889,12619,2016-12-18 04:00:00,2016-12-18 23:48:00
7229,12696,2018-01-14 04:36:00,2018-01-15 00:24:00
1658,11483,2012-05-12 12:36:00,2012-05-20 20:48:00
146,11102,2010-08-24 20:12:00,2010-09-02 07:24:00
393,11164,2011-02-25 05:24:00,2011-03-05 16:12:00
2635,11719,2013-04-05 14:24:00,2013-04-14 03:48:00
1300,11395,2012-01-07 01:48:00,2012-01-15 17:36:00
7003,12655,2017-05-04 11:12:00,2017-05-05 07:00:00
345,11147,2011-01-15 02:24:00,2011-01-23 12:12:00
437,11176,2011-03-21 10:48:00,2011-03-30 14:00:00
6320,12494,2016-02-03 06:24:00,2016-02-11 15:36:00
3258,11861,2013-10-06 05:00:00,2013-10-14 21:24:00
2634,11717,2013-04-05 11:24:00,2013-04-06 07:12:00
392,11163,2011-02-24 01:36:00,2011-03-04 09:24:00
2191,11613,2012-11-09 21:48:00,2012-11-19 05:36:00
5198,12288,2015-02-11 03:36:00,2015-02-19 13:24:00
3066,11820,2013-08-11 22:12:00,2013-08-20 06:12:00
2344,11644,2013-01-01 06:12:00,2013-01-10 14:36:00
6136,12458,2015-11-22 00:36:00,2015-11-30 09:00:00
6863,12612,2016-11-22 14:48:00,2016-11-30 23:12:00
190,11110,2010-09-22 03:36:00,2010-10-01 19:36:00
2387,11658,2013-01-12 07:12:00,2013-01-20 20:36:00
6693,12572,2016-08-04 08:36:00,2016-08-06 06:00:00
1705,11492,2012-05-24 20:00:00,2012-06-02 04:24:00
5211,12283,2015-02-12 09:00:00,2015-02-13 04:48:00
3648,11957,2014-01-17 11:12:00,2014-01-25 19:36:00
4133,12063,2014-05-13 14:12:00,2014-05-22 09:36:00
4872,12221,2014-11-25 16:12:00,2014-12-04 03:48:00
51,11080,2010-06-10 01:36:00,2010-06-10 22:00:00
1275,11393,2012-01-01 19:24:00,2012-01-10 05:12:00
2754,11752,2013-05-15 16:48:00,2013-05-16 13:12:00
6532,12541,2016-05-01 17:00:00,2016-05-10 10:00:00
5991,12427,2015-09-26 23:48:00,2015-10-05 08:00:00
2026,11569,2012-09-09 16:36:00,2012-09-19 22:36:00
1249,11390,2011-12-25 21:00:00,2012-01-03 06:48:00
86,11087,2010-07-08 11:12:00,2010-07-17 16:12:00
92,11089,2010-07-18 23:24:00,2010-07-27 07:48:00
580,11210,2011-05-05 09:00:00,2011-05-13 16:48:00
7189,12687,2017-11-13 09:12:00,2017-11-21 18:12:00
5956,12415,2015-09-10 16:12:00,2015-09-19 18:12:00
1271,11392,2011-12-30 13:24:00,2012-01-07 23:12:00
6250,12482,2016-01-07 14:00:00,2016-01-08 09:48:00
4321,12109,2014-07-01 22:24:00,2014-07-10 13:36:00
2750,11750,2013-05-15 01:00:00,2013-05-15 21:24:00
4862,12217,2014-11-22 15:48:00,2014-12-01 07:00:00
976,11324,2011-10-17 02:24:00,2011-10-25 16:12:00
5598,12352,2015-05-19 18:36:00,2015-05-28 03:24:00
1701,11490,2012-05-23 14:24:00,2012-06-01 01:12:00
2220,11618,2012-11-15 22:12:00,2012-11-26 06:24:00
2546,11692,2013-03-09 00:00:00,2013-03-18 04:24:00
5229,12287,2015-02-17 20:48:00,2015-02-18 16:36:00
3894,12017,2014-03-21 06:00:00,2014-03-29 17:00:00
6052,12445,2015-10-22 05:12:00,2015-10-30 19:24:00
5361,12309,2015-03-21 16:12:00,2015-03-22 12:00:00
1113,11358,2011-11-22 10:24:00,2011-11-30 18:12:00
625,11223,2011-05-24 04:12:00,2011-06-01 15:00:00
5375,12315,2015-03-23 07:36:00,2015-03-31 17:36:00
6898,12624,2016-12-27 17:24:00,2016-12-28 16:00:00
1488,11438,2012-03-19 16:00:00,2012-03-28 16:24:00
2181,11610,2012-11-05 23:00:00,2012-11-14 07:24:00
4296,12108,2014-06-28 04:48:00,2014-07-06 13:48:00
355,11150,2011-01-27 23:24:00,2011-02-05 07:12:00
3248,11856,2013-10-01 18:00:00,2013-10-10 14:36:00
6324,12495,2016-02-03 19:24:00,2016-02-04 15:12:00
2143,11599,2012-10-22 23:24:00,2012-10-31 08:24:00
1338,11408,2012-01-20 16:24:00,2012-01-29 14:24:00
6319,12493,2016-02-02 23:36:00,2016-02-03 20:36:00
2619,11714,2013-04-01 00:00:00,2013-04-10 05:48:00
7013,12656,2017-05-15 09:36:00,2017-05-23 17:48:00
5823,12393,2015-07-27 20:00:00,2015-08-05 05:24:00
618,11220,2011-05-22 01:00:00,2011-05-22 20:48:00
2433,11665,2013-01-28 05:48:00,2013-02-05 20:00:00
4042,12045,2014-04-18 21:36:00,2014-04-27 11:48:00
156,11105,2010-09-02 02:12:00,2010-09-02 22:00:00
7211,12692,2017-12-18 18:24:00,2017-12-27 09:00:00
3711,11971,2014-02-02 17:48:00,2014-02-11 11:36:00
803,11274,2011-08-19 15:36:00,2011-08-28 02:24:00
6866,12613,2016-11-26 21:12:00,2016-11-27 17:00:00
4888,12227,2014-12-02 01:24:00,2014-12-10 09:36:00
1066,11346,2011-11-11 13:12:00,2011-11-19 21:00:00
750,11261,2011-07-25 21:00:00,2011-08-03 07:12:00
4678,12187,2014-10-11 11:12:00,2014-10-19 19:24:00
3103,11828,2013-08-18 10:24:00,2013-08-26 18:48:00
744,11262,2011-07-20 20:12:00,2011-07-29 07:00:00
3856,12010,2014-03-14 21:24:00,2014-03-24 00:24:00
6084,12452,2015-11-09 11:24:00,2015-11-17 21:24:00
5758,12384,2015-07-07 09:00:00,2015-07-16 01:12:00
2037,11573,2012-09-15 05:24:00,2012-09-25 16:36:00
6537,12542,2016-05-03 19:00:00,2016-05-12 11:48:00
6523,12539,2016-04-27 12:12:00,2016-05-06 02:36:00
40,11075,2010-05-28 06:24:00,2010-05-29 02:12:00
5002,12251,2014-12-26 02:24:00,2015-01-03 12:12:00
3473,11917,2013-12-06 13:24:00,2013-12-14 21:12:00
2779,11757,2013-05-24 17:00:00,2013-06-02 01:24:00
220,11115,2010-10-14 08:24:00,2010-10-22 17:12:00
54,11081,2010-06-11 06:24:00,2010-06-12 02:12:00
83,11086,2010-07-04 08:12:00,2010-07-05 04:00:00
587,11208,2011-05-07 12:48:00,2011-05-15 20:36:00
2790,11762,2013-05-26 02:00:00,2013-06-03 10:24:00
7171,12686,2017-10-22 11:36:00,2017-10-30 19:36:00
1500,11445,2012-03-22 23:24:00,2012-03-31 19:00:00
5772,12386,2015-07-11 21:12:00,2015-07-20 05:24:00
5982,12423,2015-09-22 07:00:00,2015-09-23 03:00:00
6247,12481,2016-01-07 06:00:00,2016-01-08 01:48:00
1528,11450,2012-03-30 05:24:00,2012-04-07 20:12:00
2021,11567,2012-09-06 10:24:00,2012-09-15 13:48:00
5028,12262,2015-01-04 21:00:00,2015-01-13 05:12:00
6910,12626,2017-01-11 21:48:00,2017-01-20 12:00:00
975,11321,2011-10-16 23:00:00,2011-10-17 18:48:00
6938,12631,2017-01-30 08:36:00,2017-01-31 04:24:00
1931,11543,2012-08-06 11:12:00,2012-08-15 19:00:00
746,11260,2011-07-23 19:24:00,2011-08-01 06:24:00
3129,11836,2013-08-26 12:00:00,2013-09-03 21:24:00
6737,12589,2016-09-05 15:24:00,2016-09-14 22:12:00
6870,12615,2016-11-28 14:24:00,2016-12-06 22:36:00
1879,11532,2012-07-22 21:12:00,2012-07-31 11:24:00
4097,12055,2014-05-04 13:24:00,2014-05-12 21:24:00
1662,11484,2012-05-13 06:36:00,2012-05-21 15:00:00
4040,12044,2014-04-18 02:48:00,2014-04-26 17:00:00
3049,11813,2013-08-06 14:12:00,2013-08-07 11:24:00
1886,11531,2012-07-25 07:48:00,2012-07-26 04:00:00
3288,11873,2013-10-15 00:48:00,2013-10-23 08:48:00
342,11146,2011-01-10 10:48:00,2011-01-11 06:36:00
3263,11861,2013-10-07 08:24:00,2013-10-16 00:48:00
2169,11603,2012-10-30 20:48:00,2012-10-31 16:36:00
6327,12497,2016-02-04 04:24:00,2016-02-12 12:24:00
6454,12526,2016-03-23 20:00:00,2016-04-01 06:12:00
2626,11715,2013-04-02 05:12:00,2013-04-03 22:12:00
1449,11429,2012-03-02 16:24:00,2012-03-11 06:24:00
7010,12657,2017-05-13 02:00:00,2017-05-21 10:48:00
1461,11432,2012-03-08 14:36:00,2012-03-17 16:24:00
1313,11403,2012-01-13 06:24:00,2012-01-21 19:36:00
6483,12529,2016-04-07 08:00:00,2016-04-15 22:12:00
4294,12106,2014-06-27 16:36:00,2014-07-06 01:36:00
394,11165,2011-02-25 20:48:00,2011-03-06 07:36:00
5808,12389,2015-07-23 12:12:00,2015-07-31 21:12:00
3048,11817,2013-08-06 11:00:00,2013-08-14 21:00:00
2342,11643,2012-12-31 00:24:00,2013-01-08 08:48:00
6124,12457,2015-11-19 01:00:00,2015-11-27 10:12:00
155,11103,2010-09-01 09:36:00,2010-09-02 05:36:00
814,11277,2011-08-24 05:00:00,2011-09-01 14:48:00
1844,11522,2012-07-06 17:36:00,2012-07-07 13:24:00
1688,11488,2012-05-20 13:24:00,2012-05-28 22:36:00
4900,12230,2014-12-04 23:36:00,2014-12-13 07:48:00
182,11107,2010-09-12 00:12:00,2010-09-12 22:48:00
5571,12349,2015-05-14 23:12:00,2015-05-23 07:48:00
6078,12449,2015-11-06 01:00:00,2015-11-14 10:24:00
753,11263,2011-07-27 14:12:00,2011-08-05 00:48:00
6939,12632,2017-01-30 09:48:00,2017-01-31 18:00:00
2587,11704,2013-03-22 22:36:00,2013-03-31 10:36:00
1930,11542,2012-08-06 04:36:00,2012-08-15 12:24:00
4874,12222,2014-11-26 03:24:00,2014-12-04 12:00:00
948,11317,2011-10-10 18:24:00,2011-10-19 09:36:00
6246,12483,2016-01-07 00:24:00,2016-01-15 15:36:00
5983,12422,2015-09-22 08:00:00,2015-09-30 17:12:00
57,11082,2010-06-14 11:12:00,2010-06-22 19:36:00
43,11076,2010-05-31 04:12:00,2010-06-01 00:00:00
5099,12267,2015-01-18 01:36:00,2015-01-18 21:24:00
2912,11781,2013-06-27 20:12:00,2013-06-28 16:00:00
4344,12113,2014-07-06 04:36:00,2014-07-14 19:00:00
2735,11744,2013-05-08 18:24:00,2013-05-17 02:48:00
4422,12133,2014-08-01 00:36:00,2014-08-01 20:24:00
2047,11578,2012-09-19 14:12:00,2012-09-28 18:12:00
536,11202,2011-04-25 11:00:00,2011-04-26 06:48:00
7117,12674,2017-08-28 22:48:00,2017-09-07 06:12:00
8,11069,2010-05-02 14:36:00,2010-05-03 10:24:00
4152,12069,2014-05-18 15:48:00,2014-05-28 03:24:00
6745,12591,2016-09-07 09:48:00,2016-09-16 11:12:00
2245,11623,2012-11-26 21:24:00,2012-12-06 06:12:00
3985,12032,2014-04-07 07:24:00,2014-04-15 22:24:00
1638,11476,2012-05-04 13:00:00,2012-05-13 22:48:00
2331,11638,2012-12-26 19:36:00,2013-01-04 04:00:00
7261,12711,2018-05-22 20:36:00,2018-05-23 16:24:00
5462,12331,2015-04-16 11:36:00,2015-04-24 19:48:00
2696,11734,2013-04-26 15:36:00,2013-05-05 01:00:00
495,11190,2011-04-07 14:48:00,2011-04-16 07:48:00
6427,12522,2016-03-11 13:48:00,2016-03-12 11:48:00
318,11138,2010-12-26 09:36:00,2010-12-27 05:24:00
5112,12275,2015-01-24 11:00:00,2015-01-26 15:24:00
3563,11944,2013-12-30 21:00:00,2014-01-08 06:36:00
5107,12268,2015-01-21 15:48:00,2015-01-30 11:00:00
5113,12276,2015-01-25 03:48:00,2015-02-02 18:24:00
443,11181,2011-03-24 12:48:00,2011-04-02 14:36:00
325,11141,2010-12-30 21:36:00,2010-12-31 17:24:00
5675,12368,2015-06-11 00:48:00,2015-06-11 20:36:00
5885,12403,2015-08-17 13:24:00,2015-08-25 22:12:00
4225,12087,2014-06-09 15:36:00,2014-06-18 00:24:00
4231,12089,2014-06-10 20:24:00,2014-06-19 05:48:00
480,11185,2011-04-03 19:00:00,2011-04-12 09:48:00
6383,12506,2016-02-22 13:48:00,2016-03-03 01:00:00
7274,12714,2018-06-17 21:12:00,2018-06-18 17:00:00
3012,11806,2013-07-26 03:00:00,2013-08-03 12:48:00
1611,11469,2012-04-23 19:12:00,2012-05-02 06:00:00
7260,12710,2018-05-21 00:48:00,2018-05-29 11:12:00
899,11303,2011-09-24 01:00:00,2011-09-24 22:48:00
7248,12704,2018-04-12 03:48:00,2018-04-12 23:48:00
2442,11665,2013-02-01 00:00:00,2013-02-01 19:48:00
6803,12602,2016-10-11 01:48:00,2016-10-19 10:12:00
2522,11689,2013-03-02 10:12:00,2013-03-12 03:36:00
4190,12079,2014-05-31 11:36:00,2014-06-08 20:12:00
3199,11850,2013-09-18 10:00:00,2013-09-27 10:00:00
3364,11893,2013-11-07 13:24:00,2013-11-15 21:36:00
1573,11462,2012-04-14 05:12:00,2012-04-22 20:00:00
245,11121,2010-11-03 23:24:00,2010-11-12 18:12:00
4379,12121,2014-07-21 11:48:00,2014-07-30 02:36:00
279,11131,2010-12-01 05:48:00,2010-12-09 14:48:00
4351,12114,2014-07-07 11:12:00,2014-07-16 01:36:00
6585,12549,2016-05-26 21:48:00,2016-05-27 17:36:00
6591,12550,2016-05-29 23:36:00,2016-05-30 19:24:00
4390,12125,2014-07-25 09:48:00,2014-08-02 20:00:00
284,11133,2010-12-03 19:48:00,2010-12-12 06:48:00
6544,12543,2016-05-07 17:00:00,2016-05-16 09:24:00
2044,11576,2012-09-18 09:48:00,2012-09-27 15:36:00
6550,12544,2016-05-09 02:24:00,2016-05-17 18:48:00
7100,12670,2017-07-31 23:48:00,2017-08-09 09:12:00
3366,11897,2013-11-09 14:12:00,2013-11-17 22:00:00
4186,12077,2014-05-30 00:24:00,2014-06-07 09:00:00
5298,12297,2015-03-05 23:24:00,2015-03-15 11:36:00
6949,12635,2017-02-08 16:12:00,2017-02-09 12:24:00
2291,11631,2012-12-11 19:24:00,2012-12-12 15:12:00
4810,12210,2014-11-10 01:24:00,2014-11-18 15:00:00
6961,12641,2017-02-27 02:12:00,2017-03-08 10:36:00
6975,12645,2017-03-27 03:12:00,2017-04-04 11:48:00
2520,11687,2013-03-01 19:36:00,2013-03-10 17:24:00
4623,12181,2014-09-28 09:36:00,2014-10-06 17:48:00
3602,11938,2014-01-07 22:48:00,2014-01-08 01:12:00
4179,12083,2014-05-28 14:48:00,2014-06-07 02:36:00
6829,12607,2016-10-31 21:12:00,2016-11-09 08:24:00
6815,12603,2016-10-19 02:24:00,2016-10-27 21:48:00
6154,12462,2015-12-02 18:36:00,2015-12-11 03:00:00
4025,12042,2014-04-15 17:36:00,2014-04-24 08:12:00
6632,12556,2016-06-16 21:00:00,2016-06-25 05:00:00
6626,12555,2016-06-14 18:48:00,2016-06-15 14:36:00
1149,11367,2011-12-03 14:00:00,2011-12-11 22:12:00
6140,12459,2015-11-24 02:48:00,2015-12-02 11:12:00
131,11098,2010-08-10 23:12:00,2010-08-11 19:12:00
643,11229,2011-05-29 06:48:00,2011-06-06 14:36:00
7262,12712,2018-05-23 19:24:00,2018-06-01 04:12:00
1613,11467,2012-04-24 00:36:00,2012-05-02 11:24:00
2130,11596,2012-10-17 16:12:00,2012-10-27 03:24:00
6356,12500,2016-02-13 12:48:00,2016-02-14 08:36:00
6424,12521,2016-03-10 23:12:00,2016-03-11 21:12:00
1405,11422,2012-02-15 09:36:00,2012-02-16 05:24:00
3212,11845,2013-09-21 04:24:00,2013-09-22 01:48:00
5677,12369,2015-06-11 22:36:00,2015-06-20 07:00:00
327,11142,2010-12-31 09:00:00,2011-01-08 16:48:00
6418,12519,2016-03-09 04:36:00,2016-03-17 23:12:00
5111,12271,2015-01-24 06:24:00,2015-02-01 21:00:00
1410,11421,2012-02-18 00:00:00,2012-02-18 19:48:00
7075,12665,2017-07-05 06:48:00,2017-07-14 05:00:00
2131,11597,2012-10-17 16:12:00,2012-10-18 15:00:00
1389,11416,2012-02-08 14:00:00,2012-02-16 21:48:00
5845,12395,2015-08-02 07:12:00,2015-08-10 16:00:00
6155,12463,2015-12-03 04:48:00,2015-12-11 13:00:00
681,11241,2011-06-22 12:48:00,2011-06-23 08:36:00
695,11247,2011-07-04 15:48:00,2011-07-13 00:00:00
4781,12205,2014-11-03 13:00:00,2014-11-11 21:12:00
5500,12326,2015-04-22 06:36:00,2015-04-23 02:48:00
1996,11563,2012-08-29 23:00:00,2012-09-08 02:48:00
1028,11339,2011-11-01 02:48:00,2011-11-09 10:36:00
6974,12646,2017-03-25 20:24:00,2017-03-26 16:12:00
3824,11998,2014-03-04 10:12:00,2014-03-13 22:24:00
252,11124,2010-11-09 16:36:00,2010-11-18 01:36:00
7115,12673,2017-08-28 09:00:00,2017-09-06 16:00:00
26,11072,2010-05-20 16:24:00,2010-05-29 02:36:00
3415,11907,2013-11-21 18:00:00,2013-11-30 05:24:00
1558,11463,2012-04-10 02:24:00,2012-04-18 21:24:00
2737,11746,2013-05-10 01:24:00,2013-05-18 09:48:00
6545,12545,2016-05-07 18:36:00,2016-05-16 11:24:00
6223,12477,2016-01-01 06:00:00,2016-01-09 22:24:00
2904,11780,2013-06-26 11:00:00,2013-06-27 06:48:00
285,11132,2010-12-03 23:12:00,2010-12-04 19:00:00
5935,12409,2015-09-01 05:00:00,2015-09-02 03:48:00
4381,12122,2014-07-21 21:00:00,2014-07-22 18:12:00
1574,11459,2012-04-14 07:00:00,2012-04-22 21:48:00
2069,11582,2012-09-25 17:00:00,2012-10-04 14:12:00
256,11126,2010-11-12 02:24:00,2010-11-20 10:24:00
6227,12478,2016-01-02 15:12:00,2016-01-11 07:36:00
2727,11741,2013-05-05 06:48:00,2013-05-13 15:00:00
2733,11743,2013-05-07 18:00:00,2013-05-16 03:12:00
4424,12134,2014-08-01 10:12:00,2014-08-09 18:24:00
1979,11558,2012-08-26 21:12:00,2012-09-04 23:36:00
4197,12085,2014-06-01 23:24:00,2014-06-10 13:48:00
1951,11552,2012-08-20 01:48:00,2012-08-28 10:00:00
6794,12599,2016-10-02 19:12:00,2016-10-11 03:12:00
2519,11686,2013-03-01 06:36:00,2013-03-02 02:24:00
3149,11837,2013-08-30 22:12:00,2013-08-31 18:00:00
685,11243,2011-06-27 06:36:00,2011-07-05 16:24:00
2492,11676,2013-02-16 00:12:00,2013-02-24 12:12:00
6838,12610,2016-11-09 16:12:00,2016-11-18 02:36:00
1164,11368,2011-12-05 02:36:00,2011-12-05 22:24:00
2337,11640,2012-12-29 12:12:00,2013-01-06 20:36:00
2109,11589,2012-10-08 22:12:00,2012-10-09 18:00:00
444,11180,2011-03-24 15:00:00,2011-04-02 16:48:00
6353,12503,2016-02-12 16:12:00,2016-02-21 04:12:00
2121,11591,2012-10-16 16:36:00,2012-10-17 12:24:00
7058,12664,2017-06-20 02:12:00,2017-06-28 10:12:00
323,11140,2010-12-30 07:00:00,2011-01-07 14:48:00
5673,12367,2015-06-10 20:36:00,2015-06-19 05:00:00
1367,11415,2012-01-30 12:00:00,2012-02-07 19:48:00
451,11183,2011-03-26 10:36:00,2011-04-04 08:24:00
2691,11730,2013-04-24 03:00:00,2013-05-03 04:24:00
2861,11773,2013-06-14 13:12:00,2013-06-22 21:12:00
2875,11776,2013-06-18 11:36:00,2013-06-19 07:24:00
2322,11636,2012-12-24 00:36:00,2013-01-01 08:24:00
2450,11669,2013-02-03 08:24:00,2013-02-11 16:48:00
3996,12034,2014-04-09 22:00:00,2014-04-18 06:12:00
3028,11809,2013-07-30 09:00:00,2013-08-07 19:12:00
6178,12470,2015-12-11 18:24:00,2015-12-20 03:36:00
1171,11375,2011-12-07 16:48:00,2011-12-16 02:36:00
3766,11982,2014-02-16 14:12:00,2014-02-24 22:24:00
1603,11466,2012-04-21 01:00:00,2012-04-29 10:48:00
135,11100,2010-08-15 08:12:00,2010-08-23 17:48:00
3941,12027,2014-03-30 00:24:00,2014-04-08 02:48:00
684,11244,2011-06-26 21:12:00,2011-07-05 07:00:00
1993,11560,2012-08-29 10:36:00,2012-09-07 14:24:00
1978,11556,2012-08-26 09:12:00,2012-08-27 05:00:00
4800,12208,2014-11-07 14:36:00,2014-11-16 04:12:00
2732,11736,2013-05-06 14:12:00,2013-05-07 10:00:00
1549,11455,2012-04-07 13:00:00,2012-04-16 06:12:00
2040,11575,2012-09-17 23:24:00,2012-09-27 04:48:00
7110,12672,2017-08-19 21:48:00,2017-08-29 11:00:00
3376,11899,2013-11-12 02:00:00,2013-11-20 09:48:00
3362,11894,2013-11-07 08:48:00,2013-11-08 05:00:00
5075,12266,2015-01-14 03:36:00,2015-01-23 07:24:00
4396,12127,2014-07-27 01:00:00,2014-08-04 10:00:00
2718,11740,2013-05-03 09:24:00,2013-05-11 17:36:00
241,11120,2010-10-29 16:12:00,2010-11-07 23:12:00
5739,12385,2015-07-01 23:12:00,2015-07-10 14:24:00
6224,12476,2016-01-01 08:12:00,2016-01-10 00:36:00
4816,12210,2014-11-11 19:12:00,2014-11-12 15:36:00
6967,12643,2017-03-20 20:24:00,2017-03-29 04:36:00
1946,11548,2012-08-17 21:24:00,2012-08-26 05:36:00
902,11305,2011-09-24 15:48:00,2011-10-04 01:12:00
3176,11841,2013-09-10 19:36:00,2013-09-19 22:12:00
725,11254,2011-07-13 07:24:00,2011-07-22 02:48:00
3604,11950,2014-01-08 03:12:00,2014-01-16 16:48:00
6754,12595,2016-09-11 12:48:00,2016-09-19 23:00:00
6026,12437,2015-10-16 06:24:00,2015-10-24 14:36:00
2240,11621,2012-11-24 04:24:00,2012-12-03 12:48:00
5249,12293,2015-02-23 05:12:00,2015-03-04 16:24:00
686,11242,2011-06-28 02:12:00,2011-06-28 22:00:00
3957,12029,2014-04-01 06:36:00,2014-04-02 02:24:00
2491,11675,2013-02-15 05:12:00,2013-02-23 17:12:00
5315,12302,2015-03-09 19:36:00,2015-03-19 00:24:00
2693,11731,2013-04-24 19:12:00,2013-05-03 05:12:00
321,11139,2010-12-28 23:36:00,2011-01-06 07:24:00
6436,12523,2016-03-15 15:12:00,2016-03-16 11:00:00
2651,11721,2013-04-09 00:36:00,2013-04-17 20:00:00
6437,12524,2016-03-15 23:24:00,2016-03-24 09:24:00
2137,11598,2012-10-20 13:48:00,2012-10-29 22:00:00
5658,12364,2015-06-06 03:36:00,2015-06-14 11:48:00
5880,12401,2015-08-12 20:12:00,2015-08-21 05:12:00
2123,11594,2012-10-16 16:36:00,2012-10-17 12:24:00
5894,12407,2015-08-22 02:36:00,2015-08-31 00:36:00
6345,12498,2016-02-09 02:12:00,2016-02-17 21:12:00
650,11232,2011-05-31 23:12:00,2011-06-09 07:00:00
3942,12026,2014-03-30 04:36:00,2014-04-07 18:24:00
4963,12244,2014-12-18 21:00:00,2014-12-27 07:36:00
1990,11562,2012-08-28 15:12:00,2012-09-06 18:00:00
6027,12436,2015-10-16 15:12:00,2015-10-24 23:24:00
6999,12654,2017-04-26 16:36:00,2017-05-05 01:36:00
4156,12071,2014-05-19 12:48:00,2014-05-27 22:00:00
2533,11690,2013-03-05 23:00:00,2013-03-15 02:36:00
6769,12597,2016-09-19 01:00:00,2016-09-27 10:12:00
3836,12002,2014-03-07 05:24:00,2014-03-16 19:48:00
3188,11853,2013-09-16 09:00:00,2013-09-25 18:12:00
4817,12209,2014-11-12 08:12:00,2014-11-20 23:24:00
6972,12644,2017-03-25 00:24:00,2017-04-02 09:00:00
5738,12378,2015-07-01 17:36:00,2015-07-10 14:12:00
6231,12479,2016-01-03 09:00:00,2016-01-04 04:48:00
1210,11381,2011-12-17 00:24:00,2011-12-25 09:12:00
7107,12671,2017-08-14 02:24:00,2017-08-23 02:36:00
532,11201,2011-04-24 17:36:00,2011-05-03 08:24:00
4383,12126,2014-07-22 11:24:00,2014-07-31 02:36:00
297,11135,2010-12-11 18:48:00,2010-12-20 02:48:00
