TOTUSJH,TOTUSJZ,SAVNCPP,USFLUX,ABSNJZH,TOTPOT,SIZE_ACR,NACR,MEANPOT,SIZE,MEANJZH,SHRGT45,MEANSHR,MEANJZD,MEANALP,MEANGBT,MEANGAM,MEANGBZ,MEANGBH
2810.555,57928150000000.0,12544590000000.0,3.343854e+22,358.65,3.413917e+23,4468.664551,51753.0,4875.183,48331.222656,-0.00680189,19.263,31.115,0.46052894,-0.01889001,123.088,40.192,124.792,62.726000000000006
667.322,13504210000000.0,1916356000000.0,1.99868e+22,9.637,1.228548e+23,123.372993,1429.0,3030.864,1674.039429,-0.00031575,11.628,22.571,-0.12155593,-0.00099139,66.111,29.428,75.715,28.667
1536.948,31552700000000.0,19077890000000.0,1.623907e+22,486.752,3.639227e+23,3287.493896,38073.0,10670.5,34760.757812,-0.01895451,34.422,38.058,0.55211562,-0.04441883,113.728,48.912,119.528,66.749
2624.521,54969600000000.0,8037769000000.0,3.36236e+22,274.563,3.159613e+23,4391.4067380000015,50827.0,4501.356,48168.015625,-0.00519474,17.391,29.927,0.29419976,-0.01485008,125.865,38.548,126.357,62.231
407.224,8991812000000.0,1069138000000.0,1.179462e+22,1.993,2.306853e+22,112.402534,1301.0,935.7485,2163.20874,0.00010738,0.916,16.582,-0.01579152,0.00041017,78.243,21.511,79.78699999999998,26.956
1680.628,34759200000000.0,14374700000000.0,1.739169e+22,351.01,4.261035e+23,1591.153809,18420.0,11058.47,10774.84082,-0.01209837,51.11,47.49800000000001,0.18502514,-0.02742084,101.57,57.413,103.688,70.31
1752.971,36174290000000.0,16915450000000.0,1.767197e+22,385.788,4.166547e+23,1637.083374,18951.0,10842.4,11221.938477,-0.01333246,48.455,46.179,0.09459968,-0.02994831,105.787,56.345,108.987,72.357
1682.902,33222420000000.0,23347130000000.0,1.612842e+22,552.518,3.35103e+23,1660.632324,19204.0,9457.582,11861.708984,-0.02070909,42.38399999999999,42.913,0.35309452,-0.04816722,113.116,53.725,114.309,73.461
1697.524,32380300000000.0,22249820000000.0,1.61971e+22,529.837,3.358111e+23,1645.0720210000004,19029.0,9724.315,11920.180664,-0.020376,41.103,42.127,0.25925586,-0.04561880000000001,115.056,53.29600000000001,117.766,74.031
894.628,18525330000000.0,4037279000000.0,9.583304e+21,107.449,8.631534e+22,791.101807,9142.0,4350.939,6248.164062,-0.00719302,22.118,33.021,-0.08172747,-0.02090485,130.736,40.176,134.362,65.306
350.945,6082358000000.0,1151314000000.0,5.551593e+21,35.061,5.158797e+22,41.545959,480.0,5210.604,430.779663,0.004703,14.031,26.364,-0.07789566,0.01094169,89.309,31.345,113.839,43.25
845.76,18762130000000.0,890987500000.0,1.700565e+22,2.804,8.737926e+22,750.133911,8667.0,2429.042,8270.773438,-0.0001035,6.697,25.087,0.0635238,-0.00035645,105.442,29.476,105.911,40.109
514.368,8158585000000.0,4736815000000.0,7.418176e+21,133.063,5.070216e+22,115.959557,1338.0,4066.254,940.156433,-0.01417218,9.33,23.092,-0.41543909999999995,-0.03114366,91.857,29.385,105.653,44.528
514.908,8057385000000.0,2550404000000.0,8.169716e+21,65.396,4.84282e+22,145.44288600000004,1679.0,3550.712,1357.495728,-0.00636766,6.845,23.139,-0.18447638,-0.01365422,90.126,29.438,97.191,46.198
518.885,8403778000000.0,4412349000000.0,8.780048e+21,116.575,4.791653e+22,149.46868899999996,1726.0,3169.686,1486.892944,-0.01024116,6.369,23.414,-0.10207543,-0.02270409,89.634,29.919,93.414,45.747
523.4730000000002,8686908000000.0,2316198000000.0,8.402875e+21,62.149,5.173593e+22,166.261185,1920.0,3513.075,1565.539551,-0.00560453,7.404,23.865,-0.31773725,-0.01274483,91.933,31.098000000000006,96.43,48.051
987.737,21509810000000.0,2881121000000.0,1.18057e+22,98.204,8.321413e+22,1155.946655,13346.0,3237.697,8294.129883,-0.0050746,20.41,32.203,-0.20441189,-0.01577905,127.418,40.753,128.918,62.178
951.44,22012410000000.0,2221002000000.0,1.278179e+22,45.13800000000001,9.516224e+22,1177.801636,13592.0,3144.458,8259.515625,-0.00198087,23.078000000000007,33.827,-0.0648687,-0.00693585,112.718,42.414,114.808,55.61
649.0980000000002,10463400000000.0,8493673000000.0,9.684234e+21,198.232,7.348443e+22,227.24523900000003,2622.0,4486.202,1963.651978,-0.01607199,11.189,27.341,-0.11606306,-0.03320286,100.005,34.213,109.547,53.718
761.868,12777680000000.0,7670924000000.0,1.009575e+22,141.08700000000005,9.419281e+22,234.30099500000003,2703.0,5267.823,2026.274536,-0.01047958,12.663,28.239,0.02478181,-0.02327186,99.332,35.243,111.512,55.838
852.956,13257870000000.0,10566880000000.0,1.011305e+22,246.201,8.85408e+22,265.074707,3057.0,5299.268,2207.395264,-0.01956926,14.021,29.047,0.0577575,-0.03757683,110.258,35.82,121.05,60.057
1013.925,17540950000000.0,12931570000000.0,1.172442e+22,296.815,1.025567e+23,353.431427,4076.0,4780.778,2595.674561,-0.01837523,16.622,30.681,0.06842532,-0.04146463,106.813,37.536,117.92,58.232
1074.53,18067300000000.0,15183830000000.0,1.210721e+22,349.425,1.071853e+23,395.445618,4561.0,4981.738,2838.86792,-0.02156809,15.203,29.489,0.10829806,-0.04730513,109.815,36.327,121.104,57.765
1051.233,17318790000000.0,15700510000000.0,1.20561e+22,339.066,1.061244e+23,407.880829,4705.0,5079.473,2991.530518,-0.02155265,14.092,28.72,-0.03949795,-0.04583687,110.465,35.251,121.495,57.07100000000001
1416.033,30293740000000.0,3615495000000.0,1.905464e+22,83.464,1.998061e+23,1201.8647460000002,13872.0,5065.191,8083.129883,-0.00281024,22.604,33.672,-0.23482808,-0.00754504,112.09,40.737,116.654,57.11600000000001
1444.195,30100310000000.0,6858574000000.0,1.913795e+22,42.607,1.988842e+23,1177.206421,13587.0,5147.005,8071.405762,-0.00146442,22.457,33.422,-0.45474428,-0.00376012,114.879,41.005,118.905,58.558
1418.233,26270160000000.0,12699870000000.0,1.538045e+22,244.734,2.041995e+23,682.864197,7875.0,7141.975,4563.787598,-0.01136764,26.741,35.16,-0.13487469,-0.02467782,109.381,41.544,120.193,63.199
1765.5179999999998,35535540000000.0,9052169000000.0,2.369956e+22,166.963,2.168947e+23,1192.28125,13743.0,4798.837,7654.26709,-0.00490591,18.3,31.379,-0.45839092,-0.01192077,112.911,38.519,117.924,57.957
1887.193,35115240000000.0,14654140000000.0,2.508683e+22,304.697,2.311113e+23,1212.655396,13978.0,5059.713,7472.083984000001,-0.00885927,16.468,30.509,-0.35822189,-0.02005458,111.278,37.073,116.398,56.66
1889.669,35515120000000.0,15652880000000.0,2.547374e+22,341.06699999999995,2.404417e+23,1210.540894,13955.0,5100.991,7420.168945,-0.00960943,16.398,30.637,-0.34232357,-0.02234425,108.947,37.173,114.281,56.358
2011.848,36758100000000.0,16405950000000.0,2.803195e+22,336.1430000000001,2.955857e+23,1195.251587,13787.0,5813.408,7182.693359000001,-0.00878001,17.252,31.168000000000006,-0.38370909999999997,-0.01949856,104.391,37.336,111.383,54.709
2240.853,41269690000000.0,20439790000000.0,2.046231e+22,321.543,4.423463e+23,1344.630493,15494.0,10835.78,8028.643555,-0.01046041,43.118,43.286,0.12248855,-0.02256067,106.605,50.857,115.961,69.95100000000001
2391.228,39722560000000.0,9836976000000.0,3.580437e+22,289.939,4.271635e+23,1023.441284,11791.0,6820.224,5642.8583979999985,-0.00614799,20.322,31.248,-0.30060208,-0.01276093,92.229,36.942,99.929,48.065
2326.437,39253760000000.0,6905784000000.0,3.85729e+22,276.135,4.220784e+23,784.059387,9040.0,6064.68,4604.267578,-0.00526924,19.941,30.253,-0.19835046,-0.01164545,80.52,36.779,88.194,43.483
2210.187,37478290000000.0,6794994000000.0,3.801079e+22,287.791,4.045038e+23,697.382263,8038.0,5637.038000000001,4232.445801,-0.00532671,19.301,29.496,-0.05745135,-0.01275026,71.242,37.179,79.17,40.289
2091.349,34817690000000.0,9522934000000.0,3.798352e+22,329.271,4.27843e+23,600.366821,6913.0,6177.333000000001,3436.759033,-0.00631392,21.131,30.535,-0.1483739,-0.01428744,70.462,37.361,78.976,38.624
2080.75,32531210000000.0,8749860000000.0,3.53917e+22,248.675,4.142936e+23,564.861633,6505.0,6586.805,2920.087402,-0.00525096,22.17,30.92,-0.12443659,-0.01132519,71.792,37.67,83.954,38.707
1165.444,23897400000000.0,6294716000000.0,1.635453e+22,148.131,2.480424e+23,898.738098,10348.0,7471.803000000001,5462.691406,-0.00592617,36.152,40.541,-0.05681934,-0.01360639,94.6,47.932,98.74,56.588
1084.1,20888860000000.0,6544300000000.0,1.834529e+22,117.644,2.434512e+23,714.371277,8228.0,7032.745,4809.76416,-0.00451365,26.632,35.808,-0.16347574,-0.00993244,88.838,42.065,92.532,48.985
781.698,18882660000000.0,2808825000000.0,1.917042e+22,20.985,5.765071e+22,783.141663,9006.0,1278.69,10987.722656,-0.00061815,1.785,22.013,-0.02260545,-0.00282837,92.147,26.191,92.242,31.356
2069.274,34696600000000.0,4302433000000.0,3.474419e+22,83.05,4.578759e+23,651.5632320000002,7491.0,7206.376,4215.721191,-0.00173599,25.218000000000004,33.803000000000004,-0.06685603,-0.00370172,70.112,40.348,79.222,40.574
1571.535,33319750000000.0,5402135000000.0,2.839645e+22,97.765,4.848852e+23,1093.96228,12586.0,8782.226,9842.878906,-0.00235165,21.975,32.875,0.24987507,-0.00529776,88.01899999999998,37.594,89.646,40.038
1452.001,30603560000000.0,1580270000000.0,2.232403e+22,64.682,2.505803e+23,1679.769653,19312.0,5600.752,10887.451172,-0.00192002,24.872,33.859,-0.05029139,-0.00487757,112.603,41.683,113.172,57.403
1725.794,35899440000000.0,5049171000000.0,2.432851e+22,137.446,2.680196e+23,1551.543823,17839.0,5606.603,10494.294922,-0.00381858,24.367,33.419000000000004,0.13516442,-0.00951994,112.123,40.629,115.104,57.925
1537.31,30727560000000.0,15332210000000.0,2.858866e+22,289.076,1.251511e+23,1098.346313,12608.0,2149.7670000000007,15181.101562,0.006595999999999999,4.323,22.602,0.09097603,0.02105029,95.163,28.238000000000003,96.698,39.926
1619.3529999999996,33031880000000.0,17708160000000.0,2.417792e+22,336.655,1.119944e+23,1296.837891,14886.0,2298.079,17742.007812,0.00917466,5.18,23.909,0.1673176,0.02871804,104.86,29.452,106.389,45.793
1767.311,34675750000000.0,17233280000000.0,2.438652e+22,369.885,1.264096e+23,1644.841064,18893.0,2619.429,21486.623047,0.010179299999999999,6.806,24.555,0.11370666,0.03002285,113.251,30.574,116.408,48.917
1878.118,37105110000000.0,18563630000000.0,2.527967e+22,386.189,1.358513e+23,1668.507935,19164.0,2706.771,21842.355469,0.010218799999999998,7.3,25.138,0.17781897,0.03020458,112.601,31.213,115.177,49.523
1830.416,35883150000000.0,20535570000000.0,2.616076e+22,428.9,1.67491e+23,1798.6809079999996,20652.0,3123.215,22159.605469,0.01062213,9.291,26.141,0.1663937,0.03240145,107.893,32.602,111.408,48.652
1830.416,35883150000000.0,20535570000000.0,2.616076e+22,428.9,1.67491e+23,1798.6809079999996,20652.0,3123.215,22159.605469,0.01062213,9.291,26.141,0.1663937,0.03240145,107.893,32.602,111.408,48.652
2.847,78010000000.0,161037900000.0,8.007558e+19,1.4409999999999998,7.716546e+20,22.56492,259.0,3301.397,220.508926,0.00818731,37.5,43.486,1.75539732,0.05014607,56.14100000000001,43.96,67.354,22.74
217.83,2701202000000.0,636470500000.0,2.948471e+21,6.879,5.334718e+22,41.141159,472.0,9947.929,365.737915,-0.00170411,42.992,44.357,-0.15468228,-0.00307619,60.57899999999999,52.497,68.71,33.229
2123.92,41056530000000.0,24668400000000.0,2.463345e+22,493.899,2.223313e+23,2039.831543,23398.0,4565.629,23287.800781,0.01347023,14.604,28.968000000000004,0.09585387,0.03645138,115.842,35.726,121.573,56.585
283.165,4038450000000.0,1264170000000.0,4.426853e+21,14.1,7.137961e+22,50.825787,583.0,8678.814,459.524414,-0.00227674,38.866,41.298,-0.20694448,-0.00467858,72.518,46.488,91.437,32.538000000000004
1934.881,42957990000000.0,15187770000000.0,2.533101e+22,262.813,2.253758e+23,2332.39917,26773.0,4070.74,25844.216797,0.00630428,17.738,30.88,0.02771474,0.01989663,108.098,37.963,110.009,53.849
1034.28,16679110000000.0,4137625000000.0,1.770199e+22,80.138,2.219431e+23,182.330582,2093.0,6976.134,1529.381592,-0.00334522,21.519,30.628,-0.29823109999999997,-0.00723712,77.185,37.753,100.975,37.604
1502.739,25162040000000.0,3743626000000.0,2.3086e+22,7.646,3.054823e+23,269.32659900000004,3089.0,6773.985,2109.536133,-0.00022517,21.48,30.451,-0.20481493,-0.00057655,79.256,36.493,103.147,37.903
1512.904,26262750000000.0,5954104000000.0,2.523312e+22,62.923,2.729178e+23,273.06399500000003,3131.0,5628.846,2303.470703,-0.00172354,17.516,27.879,-0.18964505,-0.00434,74.976,34.952,89.81,37.537
745.528,15915120000000.0,3929698000000.0,1.433462e+22,122.943,7.75206e+22,642.622925,7370.0,2510.839,7853.166015999999,-0.00528833,7.862999999999999,24.692,-0.01084312,-0.01869679,95.575,29.131,96.426,34.22
1340.279,21143320000000.0,4455647000000.0,1.801205e+22,228.147,4.397438e+23,524.568787,6015.0,14493.63,3503.7531740000004,-0.00998628,43.32899999999999,42.883,-0.17315368,-0.01506224,78.79899999999998,49.034,89.323,49.252
1408.622,32277430000000.0,6759424000000.0,2.306245e+22,56.106,2.556476e+23,1295.514771,14844.0,5208.0329999999985,11733.03125,0.00151794,19.488,31.013,-0.35024112,0.00452807,98.802,36.743,99.854,43.87
1478.208,36623690000000.0,6082069000000.0,2.499405e+22,49.967,2.678267e+23,1297.841675,14872.0,4703.674,11888.446289,0.00116542,19.59,31.764,-0.27170494,0.00387629,97.656,37.175,97.937,43.081
1494.695,32719250000000.0,5187866000000.0,1.847499e+22,59.555,3.129135e+23,2061.538086,23590.0,8043.001999999998,16360.694336000002,-0.00203293,33.35,38.136,0.01253534,-0.0050424,111.809,47.01600000000001,112.581,63.19
1418.7520000000004,31251830000000.0,4463179000000.0,1.861372e+22,58.708,3.124577e+23,2073.988281,23729.0,7815.979,16486.759766,-0.00195048,34.068000000000005,38.269,-0.03828718,-0.00495979,109.989,47.216,110.332,61.897
1956.56,40306080000000.0,15085350000000.0,3.108094e+22,237.402,2.794303e+23,1900.487915,21733.0,4331.331,17373.552734,0.00488702,19.225,29.901,-0.06894866,0.01393625,103.039,37.861,104.031,50.445
1805.703,37114910000000.0,8712076000000.0,2.97131e+22,149.338,2.240059e+23,1599.557983,18294.0,3618.284,15048.820312,0.00320359,15.537,28.126,0.13224448,0.00946609,100.796,35.549,102.306,47.164
1515.719,30264910000000.0,3845247000000.0,3.006369e+22,39.369,1.697534e+23,847.919434,9681.0,2828.173,7484.393066,0.00087112,10.227,24.982,-0.11442404,0.00255133,92.187,31.005,94.579,39.744
1021.007,20434360000000.0,4958987000000.0,1.086859e+22,62.651,1.705391e+23,1494.246948,17051.0,7361.061,13386.353516,0.00359157,30.765,37.378,0.15368652,0.00911517,124.264,48.819,126.179,76.44
1115.605,21690940000000.0,5660532000000.0,1.122413e+22,77.729,1.718256e+23,1527.160767,17426.0,7295.318,13417.123047,0.00438278,29.49,36.428,0.28773224,0.01079794,127.503,47.915,130.886,74.542
1111.588,21996880000000.0,12385310000000.0,1.101938e+22,219.864,1.815054e+23,1548.9216310000004,17678.0,7659.653,13734.829102000003,0.01232214,29.614,36.711,0.31421179,0.03215185,124.019,48.154,125.732,75.721
1208.099,22387540000000.0,3836701000000.0,2.759303e+22,74.428,1.688288e+23,346.584229,3958.0,3220.4970000000008,2736.334229,0.00188559,9.343,22.846,-0.17625761,0.005210899999999999,73.994,29.953000000000007,83.154,33.87
1117.01,22083860000000.0,12803940000000.0,1.14501e+22,256.715,1.816663e+23,1502.200439,17154.0,7568.041999999998,13736.630859,0.01420275,28.553,36.104,0.14142299,0.03616611,125.715,46.628,128.605,74.117
1127.757,23129010000000.0,11331470000000.0,1.156088e+22,199.041,1.703764e+23,1459.251221,16660.0,6941.036999999998,13686.129883,0.01076888,28.513,35.86400000000001,0.05785975,0.02812075,123.917,44.908,129.761,67.007
1085.679,22737720000000.0,12675800000000.0,1.148019e+22,211.907,1.660409e+23,1425.648682,16274.0,6610.269,13638.098633,0.01120371,28.598000000000006,35.964,0.24625453,0.03089627,120.501,44.752,125.712,65.33
1107.481,22169520000000.0,16119170000000.0,1.143286e+22,271.572,1.728858e+23,1365.650024,15584.0,7015.183000000001,13503.407227000003,0.01463448,26.518,34.786,0.26585227,0.040253,121.221,43.762,126.632,65.99
1107.481,22169520000000.0,16119170000000.0,1.143286e+22,271.572,1.728858e+23,1365.650024,15584.0,7015.183000000001,13503.407227000003,0.01463448,26.518,34.786,0.26585227,0.040253,121.221,43.762,126.632,65.99
1185.627,23173740000000.0,15531970000000.0,1.176485e+22,290.827,1.736226e+23,1399.119263,15961.0,7149.1,13362.066406,0.01590348,25.34,34.165,0.1265969,0.04130061,124.508,42.441,131.683,66.277
1181.351,23120010000000.0,14657860000000.0,1.176007e+22,263.165,1.830883e+23,1385.88501,15808.0,7679.113,13297.587891,0.01465855,25.834,34.841,-0.05863384,0.03692649,126.087,43.56,133.39,69.438
1172.652,22560400000000.0,14575540000000.0,1.213987e+22,304.589,1.869249e+23,1416.375366,16153.0,7456.272,13144.328125,0.01613546,25.168000000000006,34.681,0.05996455,0.0426993,121.294,43.082,126.403,68.036
1117.734,23573870000000.0,14057120000000.0,1.364989e+22,327.0440000000001,1.683222e+23,1100.406738,12552.0,5531.791,11630.541992,0.01427453,22.922,33.539,0.12201825,0.04304528,108.78,40.88800000000001,113.395,56.161
1405.5179999999998,26253570000000.0,3908492000000.0,3.396694e+22,4.349,3.026889e+23,602.4082639999998,6871.0,4772.61,4746.6723630000015,-9.107e-05,13.594,26.337,-0.15603355,-0.0002262,75.35600000000002,31.799,78.78,33.512
1402.215,26838440000000.0,3805511000000.0,3.453099e+22,22.111,3.02117e+23,506.666534,5779.0,4563.585,4162.57373,0.00044355,13.228,26.229,-0.14554183,0.0011554,72.44,31.5,77.575,31.85
1444.039,22125980000000.0,7349999000000.0,2.666644e+22,230.287,2.828206e+23,317.643768,3620.0,6223.6309999999985,1747.216309,0.00673038,18.414,30.765,-0.14616121,0.01404839,72.285,35.73699999999999,92.959,38.968
2226.838,40281280000000.0,6406478000000.0,3.411826e+22,230.61,3.372789e+23,1095.606079,12483.0,5184.896,7546.104492,0.00470845,18.499,29.103,-0.0345022,0.01152315,90.99,36.642,96.168,46.617
2226.838,40281280000000.0,6406478000000.0,3.411826e+22,230.61,3.372789e+23,1095.606079,12483.0,5184.896,7546.104492,0.00470845,18.499,29.103,-0.0345022,0.01152315,90.99,36.642,96.168,46.617
2220.381,40596750000000.0,4431155000000.0,3.4296e+22,183.141,3.307545e+23,1245.307739,14178.0,5127.096,8824.311523,0.00377028,18.326,29.418000000000006,-0.10851719,0.00910335,96.2,36.298,101.201,48.761
1365.165,24770130000000.0,831332400000.0,2.544077e+22,158.458,3.231028e+23,687.4119870000002,7825.0,6422.368,7237.635742,-0.00418315,17.816,28.785,0.03276407,-0.01042135,81.485,34.719,84.432,35.99800000000001
2035.32,41782900000000.0,3735971000000.0,2.861596e+22,120.159,3.677381e+23,1913.724976,21769.0,6425.236,13242.495117,0.00278817,29.116,35.846,0.1343869,0.00708936,104.244,43.074,108.804,55.706
2112.043,45877510000000.0,10587130000000.0,2.764636e+22,178.05,3.801768e+23,2017.634766,22944.0,6423.609,14084.838867,0.00399537,30.412,37.029,0.14601955,0.01118236,102.381,44.117,105.939,56.63800000000001
2204.9970000000008,50215780000000.0,10076240000000.0,2.718323e+22,188.361,4.330456e+23,2252.807861,25637.0,7022.09,15197.511719,0.00405643,35.985,40.335,0.10256127,0.01178594,100.72,47.707,104.63,57.878
1931.992,38238160000000.0,6030321000000.0,2.739933e+22,195.277,4.092296e+23,1876.018433,21331.0,7463.66,20882.984375,-0.00472985,25.103,33.992,0.27759459999999997,-0.01116012,104.386,41.012,106.647,51.158
1057.927,23757910000000.0,12183370000000.0,1.277618e+22,52.487,1.199852e+23,2406.985596,27322.0,4073.368,19729.935547,0.00236641,20.464,31.565,1.04218674,0.00790276,122.422,41.928,123.276,61.93600000000001
416.307,9825158000000.0,2257199000000.0,5.529014e+21,41.41,2.768184e+22,481.878815,5450.0,2204.321,6317.563965,0.00437919,8.607999999999999,27.064,0.39743128,0.01714273,122.689,33.096,123.271,52.228
381.675,8373989000000.0,2132962000000.0,4.918326e+21,32.759,2.671828e+22,497.341156,5626.0,2566.465,6560.111816,0.00418005,9.108,27.017,0.51449049,0.01434508,125.913,33.659,127.579,55.333
426.798,10389460000000.0,2488190000000.0,5.26299e+21,27.633000000000006,3.042771e+22,520.03656,5884.0,2487.695,6740.059081999999,0.00300029,12.758,29.339,0.51094067,0.01158648,122.083,37.152,123.583,55.378
453.879,9979402000000.0,1365698000000.0,5.720235e+21,28.562,3.397221e+22,575.867249,6517.0,2690.9990000000007,7379.795898,0.00300459,10.183,27.564,0.27176055,0.01042298,129.466,36.405,128.875,61.236
605.7909999999998,12459860000000.0,1426470000000.0,5.868961e+21,30.486,4.435033e+22,628.7189940000002,7115.0,3454.558,7721.712401999999,0.00315364,18.403,31.692,0.27911943,0.009978399999999998,127.171,40.882,131.503,63.549
692.215,14769090000000.0,1344645000000.0,6.904337e+21,9.181,5.96678e+22,700.667542,7928.0,3661.701,8365.854492,-0.00074827,21.63,33.74,0.03229246,-0.00261982,121.381,43.212,124.591,65.184
820.227,15559190000000.0,3078102000000.0,7.389532e+21,36.512,7.915944e+22,756.549622,8558.0,4987.115,8702.176758,-0.00305514,22.958,33.913000000000004,-0.018309400000000003,-0.00881719,129.306,43.958,134.94899999999998,72.868
915.466,16848980000000.0,1266276000000.0,7.690885e+21,35.766,9.356325e+22,808.741638,9147.0,5591.4209999999985,9003.759766,-0.0028385999999999997,26.587,35.911,-0.00733102,-0.00806465,127.972,45.767,133.623,74.64399999999998
1126.562,21168980000000.0,2207870000000.0,8.908948e+21,18.555,1.426262e+23,953.471802,10778.0,7106.646,9751.456055,0.0012277999999999998,30.896,38.227,0.17723864,0.00345683,119.544,48.594,127.034,74.73899999999998
1252.974,23223490000000.0,4199861000000.0,9.370987e+21,95.673,1.590129e+23,984.874512,11132.0,7627.866999999998,10012.06543,0.006095000000000001,31.42,38.627,0.28981414,0.01668663,119.259,48.477,128.092,74.80199999999998
1216.891,21978230000000.0,2636769000000.0,9.18823e+21,47.524,1.552133e+23,1020.223328,11531.0,8155.297,10209.753906,0.00331641,31.275,38.276,0.34759209,0.00804202,122.371,48.177,133.249,77.859
1398.411,28012360000000.0,4601038000000.0,1.167621e+22,30.463,2.185121e+23,1297.001465,14668.0,8053.684,11981.34668,0.00149116,38.218,41.812,0.22686136,0.00405496,113.939,52.685,118.651,75.98899999999998
3094.351,58773310000000.0,22587730000000.0,4.672886e+22,561.207,4.544167e+23,2182.356934,24683.0,5043.776,17323.580078,0.00827288,16.635,29.568,0.01418548,0.02134257,100.093,35.442,106.081,45.733
1831.521,32412940000000.0,1730751000000.0,1.394528e+22,95.627,3.725802e+23,1494.709106,16903.0,12173.92,12971.68457,0.00414974,47.772,46.081,0.14195937,0.0098293,105.265,55.959,115.254,76.232
3035.056,60788170000000.0,26770800000000.0,5.169906e+22,733.4019999999998,4.656673e+23,2276.064453,25739.0,4369.69,18093.470703,0.00913977,16.3,29.656,0.16574614,0.02668175,95.162,35.43,98.998,42.753
2039.898,35381740000000.0,3070449000000.0,1.598824e+22,222.889,4.694723e+23,1650.385498,18653.0,14438.86,13444.629883,0.00910381,50.872,47.213,0.01325092,0.01835798,106.585,56.935,116.891,77.167
3107.269,61411850000000.0,33382230000000.0,4.299924e+22,850.831,4.268417e+23,2595.587646,29320.0,4961.656,20464.154297,0.01313478,17.820999999999994,29.87,0.04030372,0.03597838,104.775,36.728,107.728,49.374
3184.411,68151560000000.0,30470730000000.0,4.103355e+22,810.921,4.540224e+23,2856.230713,32274.0,5189.645,22240.527344,0.01231,22.503,32.805,-0.00095055,0.03611525,103.953,39.79,106.575,51.712
3199.524000000001,68104230000000.0,33833870000000.0,4.097279e+22,848.1360000000002,4.537409e+23,2867.417725,32404.0,5195.415,22497.601562,0.01289725,22.245,32.787,0.01675302,0.03774943,104.99,39.671,107.394,51.97
3356.278,69113940000000.0,31265810000000.0,4.119071e+22,823.42,4.883004e+23,3211.009277,36297.0,5718.61,24329.429688,0.0128069,23.785,33.346,0.07625511,0.03470831,109.324,40.861,111.804,54.71100000000001
864.7389999999998,19116010000000.0,3028230000000.0,1.200358e+22,12.839,2.91173e+23,1518.234009,17162.0,10765.47,10203.095703,-0.0006303999999999999,45.208,44.23,0.25691649,-0.00145924,95.831,54.51600000000001,96.906,58.066
799.502,17793110000000.0,865938400000.0,1.146964e+22,35.876,2.881535e+23,1526.735352,17257.0,11015.67,10229.578125,-0.00182141,48.276,45.542,0.04831793,-0.00421114,92.66,56.205,93.025,59.057
3199.615,66829050000000.0,26765060000000.0,4.45816e+22,720.735,5.128837e+23,3317.084717,37490.0,5280.645,25124.460938,0.00985539,22.559,32.87,0.14140011,0.02942858,103.163,40.113,104.668,51.161
3318.871,67811770000000.0,30855590000000.0,4.492432e+22,851.668,5.445185e+23,3477.787354,39284.0,5696.555,27063.957031,0.011833,22.325,32.158,0.13518786,0.03388971,105.698,39.85,106.694,52.466
3491.151,71142920000000.0,30914450000000.0,4.402276e+22,870.066,5.230752e+23,3789.880371,42787.0,5718.269,30355.800781,0.01263217,22.197,32.108000000000004,0.04743832,0.03491056,108.605,39.357,110.82,52.37300000000001
3293.753,70599190000000.0,27977910000000.0,4.584084e+22,792.7280000000002,5.151708e+23,3827.110107,43207.0,5031.804,31226.550781,0.01028302,20.88,31.746,0.10567393,0.03243424,104.028,39.228,104.137,50.31800000000001
2967.021,61425210000000.0,23401760000000.0,3.861704e+22,689.2289999999998,4.325999e+23,4130.890625,46670.0,5305.936,34819.0625,0.01122705,19.998,30.813,0.043037099999999995,0.03252729,111.361,38.192,112.464,52.646
2519.326,55099390000000.0,16273190000000.0,3.591895e+22,531.3380000000002,3.955679e+23,4385.898438,49495.0,4924.24,37020.367188,0.00878418,20.806,32.215,0.15348709,0.02790122,108.93,40.0,108.867,52.952
2576.411,55800780000000.0,17520490000000.0,3.48154e+22,552.321,3.933245e+23,4413.30127,49800.0,5078.5909999999985,37611.429688,0.00947118,21.983,32.801,0.15833357,0.02957819,110.946,40.646,111.73,53.815
2495.677,53360330000000.0,3060627000000.0,2.899553e+22,177.261,6.68147e+23,2848.806641,32151.0,10106.59,19363.839844,0.00356096,49.992,47.173,0.1159836,0.00874938,98.283,56.09,101.491,64.597
2474.75,50936110000000.0,4903762000000.0,2.924753e+22,176.102,6.186737e+23,2613.358154,29506.0,9813.219,18258.876953,0.00370959,46.604,45.063,0.03462337,0.00854409,103.283,53.661,105.832,65.204
1646.773,35063030000000.0,1374072000000.0,2.657544e+22,70.638,5.035387e+23,1868.929321,21091.0,9159.512,10082.613281,-0.00170649,40.954,42.112,0.06261382,-0.00392031,90.337,48.358,92.29,50.569
1.651,45146750000.0,71491440000.0,7.235472e+19,0.999,4.34095e+19,11.439407,129.0,265.7462,167.068558,0.0081183,6.504,13.372,1.09555519,0.03743653,57.537,15.777,66.32300000000001,26.588
2876.835,61258880000000.0,12488580000000.0,3.511052e+22,204.685,4.390535e+23,4821.299805,54330.0,5653.337,44511.167969,0.00350014,25.281,34.006,0.40224734,0.01031635,117.227,42.776,118.061,60.977
439.018,8367670000000.0,7417648000000.0,5.099267e+21,134.18,4.819135e+22,253.498459,2845.0,4870.146,2733.328125,0.01800836,20.642,32.787,-0.0804312,0.04288052,120.235,40.474,124.482,65.27199999999999
459.79,8958063000000.0,7744695000000.0,5.353725e+21,150.264,5.193151e+22,269.732239,3026.0,5002.398,2715.41748,0.01922278,22.042,33.387,-0.17629649,0.04580045,119.05,41.274,123.45,65.562
177.71400000000003,3926672000000.0,150429200000.0,5.067568e+21,3.5810000000000004,1.087667e+22,85.931618,964.0,1037.101,1557.376831,0.00045343,0.076,17.715999999999994,-0.03571948,0.00172533,86.001,21.229,86.146,26.448
553.8430000000002,9540101000000.0,8016819000000.0,6.211473e+21,184.18,5.933451e+22,291.668304,3272.0,5333.425,2801.869873,0.02198898,18.909,31.354,-0.40168104,0.04625101,125.914,39.534,131.559,64.429
592.618,13569460000000.0,3270086000000.0,7.158959e+21,0.863,8.62049e+22,805.797546,9035.0,5389.501,8498.466797,-7.162e-05,28.936,37.361,0.37102312,-0.00019685,117.222,47.582,116.215,69.013
1249.732,24095280000000.0,4342362000000.0,2.185718e+22,108.389,4.80456e+23,876.623108,9831.0,12356.62,4830.834473,0.00370207,41.0,42.333,-0.26056871,0.00657101,76.14,48.753,83.309,46.827
1352.753,26573520000000.0,8051759000000.0,2.267449e+22,193.628,5.242496e+23,990.235352,11108.0,12840.0,5240.010254,0.00629868,42.734,42.859,-0.20952228,0.011101100000000001,79.845,49.32100000000001,86.944,48.43899999999999
436.319,7924629000000.0,3973353000000.0,7.971153e+21,79.01100000000002,8.729411e+22,118.969727,1334.0,5376.795,1444.581421,0.00646304,16.434,28.938,-0.19356775,0.01694065,74.575,36.426,79.016,37.014
674.922,14772770000000.0,3070440000000.0,7.763365e+21,90.408,1.352649e+23,979.809509,10982.0,7979.056,9662.124023,-0.00708246,39.24800000000001,41.63800000000001,0.17391874,-0.01714572,111.042,53.174,111.881,71.73
1363.1989999999996,31510940000000.0,11246840000000.0,2.310368e+22,156.906,5.484391e+23,1183.524048,13261.0,11631.25,6331.643555,0.00441939,47.647,45.50100000000001,-0.04616443,0.00917653,77.77600000000002,52.148,83.78399999999998,49.207
2347.697,46763530000000.0,16435410000000.0,2.127518e+22,457.93,5.074995e+23,1914.162354,21433.0,10959.95,14362.15625,-0.01313438,49.92100000000001,47.817,0.09568586,-0.02831513,109.261,57.938,116.017,75.828
368.231,6847372000000.0,5094758000000.0,4.366887e+21,109.254,3.155324e+22,134.721359,1508.0,3786.323,1274.313965,0.01741096,14.773,28.264,-0.36248171,0.04410403,107.546,35.767,117.793,53.948
943.111,21635530000000.0,1174174000000.0,1.486944e+22,20.716,4.772007e+23,1595.0939939999996,17848.0,13952.23,10004.28125,0.00080446,61.858,52.822,0.04365832,0.00180645,77.23899999999998,61.712,79.77199999999998,53.794
3303.184,59409750000000.0,10125530000000.0,3.436071e+22,532.5790000000002,7.700823e+23,2210.217773,24728.0,11725.27,14728.499022999997,-0.01076984,44.049,43.62600000000001,-0.18557845,-0.02061911,101.708,51.069,110.505,64.377
944.8,22285570000000.0,1877363000000.0,1.390072e+22,53.471,4.029847e+23,1583.5275880000004,17710.0,12935.0,10509.9375,0.00227952,57.27,49.726000000000006,-0.11304915,0.00521576,86.84,59.43,88.905,59.776
217.349,3952340000000.0,586198700000.0,2.928543e+21,7.735,1.451077e+22,102.480721,1146.0,2718.015,1279.756958,-0.00192409,8.085,25.069000000000006,-0.26042873,-0.00463551,125.532,32.12,127.641,57.662
220.725,4294448000000.0,447423000000.0,3.019372e+21,6.391,1.570385e+22,98.904778,1106.0,2657.256,1284.957275,-0.00143607,8.135,25.936,0.01284824,-0.0038951999999999997,121.075,33.465,121.552,55.608
226.648,4493894000000.0,184674500000.0,2.921948e+21,1.617,1.571538e+22,109.256401,1222.0,2755.816,1312.596802,-0.00037665,10.177,27.741,0.08040515,-0.00102544,124.815,33.42,125.756,58.365
4382.328,75642490000000.0,4101756000000.0,7.88337e+22,222.432,1.539634e+24,1909.991455,21331.0,10814.09,11756.328125,0.00207491,29.59,34.178000000000004,-0.07142398,0.00405131,69.653,42.178,78.365,38.028
4865.681,93027080000000.0,7212504000000.0,8.055446e+22,272.486,1.683908e+24,3849.681885,42974.0,10589.1,27224.310547000005,-0.00227571,33.445,37.615,-0.06293033,-0.00479621,81.289,44.145,85.07,42.673
4627.747,92791220000000.0,3217016000000.0,6.761546e+22,146.675,1.628877e+24,4711.86377,52593.0,11758.22,35259.464844,-0.00140615,39.625,41.75899999999999,0.0317127,-0.00295685,87.818,48.328,90.872,48.44300000000001
208.534,4816473000000.0,1179545000000.0,3.561825e+21,21.597,1.369535e+22,203.033798,2266.0,1714.4489999999996,3312.067139,-0.00359051,5.121,24.735,0.31043389,-0.01464165,118.497,28.506,118.8,42.385
4158.185,89227920000000.0,12491620000000.0,5.634373e+22,139.566,1.469519e+24,5398.158691,60231.0,11981.51,42593.480469,-0.00151132,45.12600000000001,44.743,0.25225982,-0.00333823,89.512,52.37300000000001,92.079,52.381
4003.85,85043840000000.0,8740156000000.0,5.55508e+22,186.807,1.45833e+24,5413.978515999999,60403.0,12125.57,42843.058594,-0.00206289,44.955,44.563,0.17998001,-0.00454592,89.975,52.268,91.932,52.92100000000001
2600.428,59803110000000.0,10990100000000.0,3.825739e+22,226.572,2.444172e+23,2533.768066,28258.0,2735.437,24205.564453,0.00336769,13.249,29.042,0.23531981,0.01294252,108.031,34.914,108.174,48.201
2718.407,58241880000000.0,12347010000000.0,3.619786e+22,252.992,2.635638e+23,2853.204834,31821.0,3395.905,26118.826172,0.00432901,14.35,29.564,0.23431565,0.01416564,114.483,35.587,116.481,52.121
2786.913,57658660000000.0,10099060000000.0,3.303686e+22,245.528,3.321776e+23,3420.5668950000004,38112.0,4806.868,28972.324219,0.004718600000000001,19.643,32.032,0.15621310000000002,0.01376839,117.605,39.052,119.751,58.255
146.17700000000005,3698705000000.0,225266700000.0,2.011292e+21,1.056,1.316962e+22,40.295376,449.0,2633.877,437.864441,0.00028047,30.013,36.321,-0.0723529,0.00099946,90.211,45.857,103.139,44.881
1898.552,41762360000000.0,10355360000000.0,2.266625e+22,98.321,3.013177e+23,4290.2958979999985,47808.0,5625.654,36147.773438,0.00243797,29.181,36.367,0.47824523,0.00797872,112.936,46.555,112.52,63.028
1671.521,36712820000000.0,10461730000000.0,1.973566e+22,72.243,2.714217e+23,3975.034668,44246.0,5991.526,36221.1875,0.00211826,28.955,36.117,0.57062155,0.00655402,115.181,46.592,115.838,64.226
823.8530000000002,16505380000000.0,2173670000000.0,1.048581e+22,26.674,1.703104e+23,647.6511230000001,7210.0,8136.115,4719.678711,0.00169231,41.232,42.073,0.01044031,0.00361592,98.434,50.084,100.795,62.74100000000001
664.5419999999998,14120450000000.0,1453273000000.0,8.215726e+21,31.038,1.295657e+23,670.418152,7457.0,7263.887,4949.8745119999985,0.00231095,40.89,42.01600000000001,0.07865072,0.00584244,106.033,50.636,104.971,66.805
167.326,3853018000000.0,2542184000000.0,1.26519e+21,34.576,1.491549e+22,238.042633,2649.0,4298.188,2857.679932,-0.01323248,34.711,39.617,0.76654989,-0.05630012,122.466,52.359,130.007,73.189
505.975,10442500000000.0,3809487000000.0,5.211943e+21,61.576,5.616296e+22,757.551331,8426.0,4579.81,6478.205566,-0.00666843,26.706,36.025,0.31787372,-0.02095859,122.869,48.901,121.66,75.686
718.5889999999998,11485330000000.0,7534187000000.0,1.128491e+22,254.764,1.440648e+23,205.331955,2281.0,7309.898,1751.397827,0.0171674,27.116,34.624,-0.43102834,0.033070300000000004,82.618,41.747,98.918,45.038
318.298,6614909000000.0,1500840000000.0,4.676202e+21,5.171,5.047191e+22,159.848602,1776.0,5415.316,2131.674561,-0.00073681,26.959,34.677,0.1279961,-0.00174014,102.993,41.489,107.812,53.487
335.1380000000001,6985419000000.0,3001144000000.0,4.70382e+21,5.724,5.161264e+22,160.395905,1782.0,5595.11,2111.609375,0.00082411,27.368,35.107,0.58944142,0.00189443,105.424,41.76600000000001,110.477,54.87600000000001
332.874,6085949000000.0,889362900000.0,6.61022e+21,7.907,4.038049e+22,79.18804200000002,879.0,3141.113,1247.999878,-0.00081685,10.919,24.986,-0.17046645,-0.00215953,80.86,31.78,83.066,36.82
1084.846,23179830000000.0,3386654000000.0,1.779899e+22,157.14700000000005,2.037774e+23,636.3261719999998,7061.0,5381.276999999999,5982.4213869999985,0.00551122,24.413,33.622,0.05091206,0.01495899,90.128,40.563,93.022,46.135
760.71,16767180000000.0,2881437000000.0,1.083172e+22,7.776,4.708037e+22,1363.576538,15138.0,2006.844,14747.12793,-0.00044023,7.467,25.249,0.30268705,-0.00165167,127.805,31.418000000000006,127.622,52.545
1483.096,30216640000000.0,7146732000000.0,2.038647e+22,66.241,1.211299e+23,1380.146484,15316.0,2829.947,15298.666992,0.0020554,10.906,27.233,0.190648,0.00653595,120.109,33.544000000000004,121.227,53.024
1818.249,38302280000000.0,9984405000000.0,2.48791e+22,80.447,1.579557e+23,1359.137817,15075.0,2950.232,14380.625,0.00199546,13.754,28.485,-0.11018175,0.006427800000000001,112.927,34.639,114.487,52.168
1907.708,39859800000000.0,9603580000000.0,2.567884e+22,100.976,1.733841e+23,1413.93396,15681.0,3202.177,14240.417969,0.00247666,14.577,28.973000000000006,-0.10759074,0.00763938,113.228,35.062,115.693,53.139
1907.708,39859800000000.0,9603580000000.0,2.567884e+22,100.976,1.733841e+23,1413.93396,15681.0,3202.177,14240.417969,0.00247666,14.577,28.973000000000006,-0.10759074,0.00763938,113.228,35.062,115.693,53.139
3044.719,52652640000000.0,10783240000000.0,4.390924e+22,115.802,4.447467e+23,1354.5842289999996,15013.0,5511.387,10401.777344,0.00190582,17.119,28.89,-0.12903829,0.00434871,97.344,34.832,101.812,47.46100000000001
2384.793,43411760000000.0,12419380000000.0,3.035393e+22,123.344,2.617494e+23,1432.87854,15890.0,4704.47,12693.734375,0.00294418,16.854,29.319000000000006,-0.3005406,0.00681745,113.82,35.761,118.707,56.874
1193.409,24823340000000.0,5505293000000.0,1.306738e+22,33.581,7.894344e+22,2544.024414,28175.0,2742.106,26052.617188,0.00155029,13.092,27.798,0.4701269,0.00498435,137.218,39.332,137.759,68.684
1224.358,25241890000000.0,75119750000.0,1.641627e+22,4.356,9.394298e+22,2133.169189,23629.0,2804.608,23615.083984,-0.00017274,9.293,26.512,-0.00321189,-0.00052799,131.955,34.248000000000005,132.269,59.542
1267.63,26793310000000.0,2103178000000.0,1.747345e+22,5.2879999999999985,9.28202e+22,2113.405518,23411.0,2530.041,23560.439453,-0.00019144,7.957000000000002,25.803,0.14096792,-0.00062292,128.876,33.04,129.317,56.274
3500.64,78112500000000.0,6511028000000.0,4.048286e+22,26.62,8.746487e+23,4661.552734000001,51456.0,9172.429,36177.222656,0.00037077,44.758,44.798,0.16731431,0.00098451,101.192,54.545,102.439,64.53399999999999
3547.41,79459890000000.0,7036728000000.0,4.104906e+22,57.363,8.788247e+23,4747.140625,52409.0,8980.34,36676.234375,0.00077849,44.839,44.932,0.17622292,0.00210998,100.444,54.62,101.953,63.867
4029.56,86230400000000.0,13953790000000.0,4.556325e+22,307.252,9.856864e+23,5186.113281,57255.0,9620.96,38934.84375,0.00398289,45.749,45.14,0.1500288,0.00970473,105.072,54.862,106.628,67.428
551.319,5499028000000.0,6602339000000.0,5.43991e+21,258.559,1.012147e+23,65.503387,723.0,11531.75,521.762085,0.03914601,51.99,47.0,1.84308112,0.05444919,52.18600000000001,53.202,60.589,33.499
650.2869999999998,6845550000000.0,6482956000000.0,6.477996e+21,258.532,1.430313e+23,72.214706,797.0,13266.9,576.9022219999998,0.03185857,54.237,48.074,1.39778519,0.04584906,69.74,53.916,91.932,35.192
24.367,651892400000.0,430942600000.0,2.548969e+20,4.53,1.537589e+21,19.478506,215.0,2329.5460000000007,127.92395,0.00911538,20.523000000000003,32.805,1.43347001,0.043113,118.462,39.626,123.962,50.649
1382.5970000000002,28530410000000.0,4449961000000.0,1.784762e+22,237.858,3.541624e+23,1979.829834,21851.0,9651.813,16582.785156,-0.00860868,39.377,41.018,-0.11284433,-0.01912867,103.972,49.424,104.252,61.161
1418.598,21027940000000.0,29063640000000.0,1.953597e+22,845.1339999999999,3.216004e+23,207.190903,2287.0,8236.761999999999,1558.5974119999996,0.02874801,35.915,39.315,0.38582224,0.06576014,62.95,45.463,74.762,37.511
1414.578,19788580000000.0,33423120000000.0,1.892794e+22,938.747,3.200117e+23,209.902328,2317.0,8620.964,1663.455566,0.03359146,34.814,39.06,0.36563364,0.07441004,63.119,45.107,72.753,38.345
1453.269,20040770000000.0,32412250000000.0,1.823113e+22,903.389,3.333834e+23,218.240372,2409.0,9520.375,1716.842407,0.0342634,36.04,39.99,0.48947796,0.07291386,65.51100000000001,45.649,76.024,39.45
1366.4820000000002,20037170000000.0,29175740000000.0,1.823306e+22,713.4910000000001,3.337296e+23,224.68229700000003,2480.0,9726.128,1769.0107420000004,0.02761831,35.422,38.988,0.61691332,0.05717928,67.53699999999999,45.315,77.86399999999998,40.49
1583.2479999999996,24286080000000.0,28998890000000.0,2.037628e+22,747.9989999999998,3.547746e+23,253.643707,2799.0,8914.492,1973.962402,0.02496325,33.76,38.256,0.35589033,0.05537577,70.664,44.308,82.41,41.602
249.537,4866082000000.0,7818034000000.0,1.659385e+21,112.792,2.008367e+22,134.803009,1487.0,5523.276999999999,1504.499512,0.04119499,24.543000000000006,35.032,-0.37894526,0.12361351,151.46,44.328,157.388,85.98
2048.234,33231240000000.0,28651850000000.0,2.807184e+22,795.472,3.797759e+23,396.213928,4370.0,6970.028,3072.697998,0.01938898,27.043000000000006,34.075,0.29367343,0.04475332,73.005,41.816,82.736,42.469
2287.29,38537980000000.0,33156550000000.0,3.238154e+22,943.563,4.150825e+23,428.572174,4727.0,6382.382,3287.321777,0.01926975,25.901,33.952,0.22952098,0.04880191,75.499,40.601,89.94,41.535
4502.656,92561850000000.0,19668260000000.0,6.781595e+22,385.21,1.376577e+24,4489.497559,49531.0,10498.46,31220.730469,0.00390165,36.77,40.112,-0.11191612,0.00804346,94.81,46.907,99.962,52.804
2593.73,41818430000000.0,47455060000000.0,3.596645e+22,1287.581,4.816282e+23,487.009583,5373.0,6893.097,3819.938721,0.02447454,23.797,33.233000000000004,0.23508474,0.060854,73.813,39.31800000000001,84.64399999999998,42.53100000000001
2890.478,48558850000000.0,51116480000000.0,4.017361e+22,1360.3529999999996,4.905822e+23,581.207275,6414.0,6121.195,4405.721191,0.02254255,22.249,32.087,0.10939533,0.05930711,75.458,38.067,87.116,40.604
2883.833,48845140000000.0,42441950000000.0,4.157824e+22,1100.342,4.659453e+23,616.980652,6809.0,5641.411,4661.470703,0.01769522,20.782,31.016,0.11441527,0.04630947,76.458,37.452,87.154,41.286
5157.853,104582200000000.0,9062190000000.0,7.820468e+22,296.447,1.461586e+24,4280.291504,47232.0,9783.752,28788.566406,0.00263555,33.54,38.678,-0.14424089,0.0053972000000000004,92.531,44.986,98.145,51.093
3154.386,52155210000000.0,63458140000000.0,4.130162e+22,1430.38,5.095781e+23,668.25177,7374.0,6571.763000000001,5447.058594,0.02449826,21.52,31.11,0.18907127,0.05864079,83.932,37.296,95.966,44.481
5467.882,109191000000000.0,11617390000000.0,8.353486e+22,170.699,1.553826e+24,4042.658447,44585.0,9947.887,26985.119141000006,0.0014514,31.854,37.993,-0.18208848,0.0028828000000000005,92.415,44.004,98.877,50.643
5467.882,109191000000000.0,11617390000000.0,8.353486e+22,170.699,1.553826e+24,4042.658447,44585.0,9947.887,26985.119141000006,0.0014514,31.854,37.993,-0.18208848,0.0028828000000000005,92.415,44.004,98.877,50.643
5455.906999999998,107655800000000.0,13362580000000.0,8.590578e+22,172.858,1.592524e+24,3997.770752,44085.0,9745.301,26255.337891,0.00140482,30.693,37.312,-0.11566544,0.00287444,90.549,43.611,97.424,48.733
3077.913,50496650000000.0,58178300000000.0,3.989109e+22,1528.797,4.745422e+23,791.211304,8725.0,6190.751,6851.572265999999,0.02648827,20.321,30.424,0.24821499,0.0657242,85.042,36.991,92.396,43.295
549.244,9461478000000.0,8949348000000.0,3.594023e+21,145.96200000000005,5.121393e+22,376.437256,4151.0,6679.96,3441.984131,0.02528365,27.906,37.14,0.36362979,0.06395706,143.554,51.589,148.828,98.864
3124.552,55038760000000.0,56540340000000.0,4.267879e+22,1517.905,4.963766e+23,869.9321289999998,9593.0,5675.661,7251.913086,0.02305096,20.377,30.771,0.21812411,0.06343417,82.78299999999999,37.689,88.814,42.798
5715.884,110768000000000.0,17558430000000.0,8.881938e+22,350.251,1.685901e+24,3934.601562,43390.0,10268.81,24837.048828,0.00283324,30.906,37.622,-0.1883986,0.00559192,89.29299999999998,43.353,97.486,48.283
3196.0,52716050000000.0,62030850000000.0,3.942821e+22,1685.58,4.684479e+23,945.219849,10426.0,6110.7159999999985,7743.984863,0.02920119,20.962,31.529,0.22243433,0.07339185,87.84100000000002,37.604,93.323,44.976000000000006
647.494,11165950000000.0,8391812000000.0,3.928254e+21,188.397,5.923455e+22,432.125092,4768.0,6957.235,4001.779053,0.02938654,30.448,38.847,0.75862235,0.07403809,140.74200000000005,51.739,146.965,94.165
3292.467,52305750000000.0,63683880000000.0,3.735969e+22,1835.696,4.487795e+23,1142.3244630000004,12604.0,6266.574000000001,9271.734375,0.03404228,20.805,31.111,0.21979886,0.08285363,96.871,37.663,102.163,47.63
3346.239,56145670000000.0,62782440000000.0,3.901698e+22,1755.846,4.658221e+23,1185.497559,13078.0,5998.015,9957.527344,0.0300278,21.242,32.099000000000004,0.24645424,0.07775611,94.771,37.861,99.49,47.14100000000001
1412.037,28485360000000.0,6871641000000.0,2.606236e+22,207.606,3.285478e+23,885.718872,9770.0,6036.752,6722.579102,-0.0050659,22.942,32.499,-0.13197279999999997,-0.01361878,80.459,38.384,83.83,37.68
3162.212,54198240000000.0,62194980000000.0,3.752765e+22,1735.466,4.546065e+23,1286.625488,14188.0,6010.335999999998,10901.222656,0.03047243,21.782,32.567,0.25267267,0.08075577,95.221,38.065,99.986,47.133
2900.024000000001,52416970000000.0,49786220000000.0,3.537299e+22,1369.0279999999998,4.155478e+23,1408.456909,15528.0,5595.93,11906.123047,0.02448452,21.432,31.727,0.18804008,0.06994577,96.004,38.216,99.362,46.282
2948.263,55058910000000.0,56983710000000.0,3.598261e+22,1534.193,4.049844e+23,1434.273071,15813.0,5170.973,12093.045898,0.02601561,21.539,32.177,0.18070193,0.07916482,94.067,38.36,97.098,44.88800000000001
6025.639,103342400000000.0,6893558000000.0,1.156837e+23,103.168,2.002979e+24,2358.730469,26018.0,9955.685,14212.397461000002,0.00068103,26.044,33.789,-0.08389983,0.00132407,73.699,39.247,84.223,38.982
2638.3540000000007,48901860000000.0,52438540000000.0,3.113528e+22,1390.094,3.686463e+23,1605.112793,17705.0,5747.356,14621.802734,0.02878338,23.485,33.935,0.49099052,0.07783776,103.45,39.746,106.722,49.581
900.76,16951540000000.0,899120300000.0,2.518612e+22,25.216,1.204789e+23,255.957565,2823.0,2408.704,2952.442871,0.00066955,10.743,23.835,-0.04401075,0.00202749,62.035,29.415,72.294,29.177
1302.97,28111860000000.0,5672132000000.0,1.801022e+22,100.75,3.423442e+23,1100.014771,12130.0,9132.09,6274.890625,-0.00356915,41.742,42.977,-0.0808471,-0.00812382,96.783,50.305,103.518,57.678
1419.62,29990670000000.0,4623672000000.0,1.97237e+22,87.262,3.641284e+23,1077.582886,11876.0,9207.29,6135.489746,-0.00293031,41.51600000000001,42.658,-0.11094853,-0.00628481,96.199,49.379,102.258,57.419
1179.883,22985380000000.0,18275630000000.0,1.28451e+22,562.827,1.861338e+23,1755.8259280000002,19347.0,6524.969,20180.791016,0.02620237,28.966,35.978,0.94994038,0.07258818,108.853,43.833,109.537,54.879
1165.339,21689730000000.0,18512700000000.0,1.218696e+22,576.8290000000002,1.820446e+23,1758.418335,19375.0,7194.896,20075.375,0.03027814,27.918000000000006,35.147,0.95225137,0.07565238,113.077,43.108,114.236,57.034
1117.033,20729670000000.0,18224910000000.0,1.170922e+22,563.184,1.79856e+23,1738.460449,19155.0,7461.663,19950.773438,0.03102945,28.309,35.23,1.03559875,0.07611505,115.34,43.51,114.792,59.859
1636.63,33600080000000.0,6737330000000.0,2.256467e+22,109.311,4.056219e+23,1203.282959,13259.0,9252.028,6103.083008,-0.00331145,37.862,41.113,-0.13727267,-0.00692418,96.135,47.857,103.196,55.377
1223.325,24165850000000.0,7860430000000.0,2.64328e+22,79.605,3.511289e+23,590.591003,6506.0,6944.6190000000015,3253.424805,-0.0020909,29.72,34.82,-0.13498694,-0.0048444,66.033,42.161,75.281,36.088
1419.595,24542670000000.0,16598150000000.0,1.5039e+22,711.196,2.413616e+23,1566.164673,17253.0,8150.603,17435.144531,0.03189505,29.245,36.132,0.71476281,0.06868754,117.682,45.214,116.726,66.766
292.785,5107660000000.0,744054700000.0,5.071407e+21,5.68,2.859615e+22,91.127937,1004.0,3239.435,1060.043091,0.00085451,8.666,24.437,-0.20614815,0.00186683,104.571,31.091,108.252,48.217
696.953,14690450000000.0,5381716000000.0,1.538138e+22,155.33,1.646252e+23,377.471802,4154.0,5165.4540000000015,4054.777832,-0.00647288,22.298,30.69,0.15327403,-0.01774828,77.173,38.326,80.431,35.80300000000001
905.974,20419630000000.0,4950221000000.0,1.670948e+22,163.91099999999997,1.859405e+23,535.504517,5897.0,4914.039000000002,5476.45752,-0.00575309,23.666,33.017,0.12597322,-0.01818265,82.214,39.335,84.85600000000002,38.782
905.974,20419630000000.0,4950221000000.0,1.670948e+22,163.91099999999997,1.859405e+23,535.504517,5897.0,4914.039000000002,5476.45752,-0.00575309,23.666,33.017,0.12597322,-0.01818265,82.214,39.335,84.85600000000002,38.782
877.438,19557950000000.0,6011793000000.0,1.592886e+22,174.891,1.82013e+23,546.75177,6021.0,5132.892,5563.0473630000015,-0.00655048,24.164,33.044000000000004,0.17881873,-0.01999541,83.935,39.356,87.376,39.057
873.852,19803110000000.0,4405680000000.0,1.286292e+22,119.04,1.768129e+23,761.209778,8380.0,6031.974,7975.443359000001,-0.00539374,30.142,37.398,0.31979546,-0.01651539,91.435,43.844,93.927,46.842
571.055,11878020000000.0,1538287000000.0,1.121225e+22,33.247,4.133812e+22,266.974731,2938.0,1799.668,2949.897949,0.00192224,2.85,22.062,0.04266899,0.00656162,89.314,26.546,90.162,35.948
553.244,12491900000000.0,2084702000000.0,6.836099e+21,104.001,1.20093e+23,1062.563232,11698.0,7592.013000000001,12138.999023,-0.0087315,39.124,39.424,0.32208392,-0.02355121,105.046,51.273,106.097,61.582
382.747,8111121000000.0,580363400000.0,5.240927e+21,66.233,1.10052e+23,960.766418,10576.0,9611.191,12113.77832,-0.00768183,47.182,42.278,0.12385651,-0.01778539,99.395,55.489,97.894,63.48
544.075,10054190000000.0,1937881000000.0,1.16665e+22,33.561,7.316144e+22,105.674767,1163.0,3114.518,1243.563965,0.00189736,14.53,26.299,-0.11407457,0.00550822,74.12899999999998,33.071,89.322,33.325
464.272,9955553000000.0,1157445000000.0,5.830199e+21,40.658,3.260952e+22,715.376709,7875.0,2570.617,6830.189453,-0.00425651,11.108,27.906,0.22296838,-0.0152278,124.482,35.042,121.698,59.085
2132.875,45960130000000.0,2394114000000.0,4.47063e+22,5.981,1.78596e+23,819.255615,9018.0,1854.775,9516.464844,-8.251e-05,6.026,22.924,0.01120255,-0.00029267,80.428,28.658,82.006,35.542
2250.809,43017600000000.0,2567672000000.0,4.229678e+22,47.177,1.829721e+23,963.926025,10610.0,2241.638,11101.957031,0.00076761,4.888,22.108,-0.07686394,0.0022418000000000004,90.281,27.513,91.653,38.847
383.38,8114108000000.0,2310407000000.0,4.049072e+21,17.555,2.98409e+22,928.753479,10218.0,3015.677,8915.779297,0.00235643,23.071,33.286,0.57023752,0.00861556,134.686,48.132,134.649,78.865
2348.035,40336620000000.0,3551323000000.0,4.594864e+22,2.447,9.01787e+23,1067.878784,11754.0,11532.5,4192.564453,-4.155e-05,33.438,38.064,-0.04311791,-7.155e-05,64.233,44.092,73.308,40.342
3607.614,75152090000000.0,30790230000000.0,5.051798e+22,551.302,1.165409e+24,5123.79541,56370.0,10632.83,39740.816406,0.00668043,38.795,41.487,0.28667426,0.01635913,95.987,48.901,98.291,53.768
1450.35,30536490000000.0,1152530000000.0,2.18175e+22,38.025,2.034391e+23,1088.840576,11979.0,4509.346,9719.12207,0.00111936,19.269,31.951,0.06239047,0.00311207,106.95,38.06800000000001,108.997,51.592
3204.146,67470580000000.0,20268370000000.0,4.293831e+22,501.48800000000006,1.015163e+24,5211.86377,57367.0,10905.89,41294.167969,0.00715502,41.085,42.462,0.26269448,0.01703786,98.767,50.716,100.834,56.948
1977.688,45355500000000.0,6609797000000.0,2.523865e+22,167.987,3.392489e+23,1734.077881,19087.0,5711.059,13701.368163999998,-0.00375576,31.443,38.932,0.20612682,-0.01174879,104.271,45.828,105.99,56.043
2992.9790000000007,60920090000000.0,4642014000000.0,4.437075e+22,11.847,1.157131e+24,2341.744141,25762.0,13981.36,9665.853516,-0.00019011,43.699,44.284,-0.12673467,-0.00034392,82.882,50.343,90.179,52.703
2964.258,61627090000000.0,8820570000000.0,3.900963e+22,232.174,8.705147e+23,4964.585938,54648.0,10656.58,41505.003906,0.003775,39.909,41.39,0.09387928,0.00864506,105.188,50.037,107.7,58.448
2449.917,52258570000000.0,16833200000000.0,3.066157e+22,424.0630000000001,7.597204e+23,2800.346924,30825.0,11735.76,18633.1875,-0.008699799999999999,45.802,45.53,0.18586519,-0.019908900000000004,97.804,52.844,102.157,61.843
2555.47,51989170000000.0,22047020000000.0,3.59865e+22,409.499,1.198557e+24,2823.980225,31086.0,17611.09,12670.664062,-0.00799116,50.607,47.712,-0.02194927,-0.01382781,90.532,53.962,96.131,57.613
343.561,5987896000000.0,2316049000000.0,7.553903e+21,41.234,7.067484e+22,113.572823,1250.0,4876.051,1124.734375,0.00377843,22.073,28.839,-0.14391549,0.00918575,73.839,36.912,76.672,38.166
757.327,13161690000000.0,3780497000000.0,1.232533e+22,83.485,9.191777e+22,270.509125,2976.0,4126.937,2484.21167,0.00497825,13.935,26.669,-0.28803906,0.01136291,98.968,33.47,101.89,46.07899999999999
1322.57,24636290000000.0,3985685000000.0,2.007437e+22,58.924,1.255755e+23,569.716675,6270.0,3183.513,4735.917969,0.00198391,12.161,25.553,0.03143045,0.00550173,96.904,32.779,100.388,44.323
2168.858,45936840000000.0,14274820000000.0,2.906394e+22,341.311,1.172161e+24,3035.172852,33407.0,19757.39,14696.243163999998,-0.00764021,57.518,51.743,0.03904261,-0.01343597,84.85799999999998,58.596,90.157,57.38399999999999
1209.665,23011070000000.0,1083678000000.0,3.273284e+22,19.806,2.202848e+23,371.926178,4094.0,3452.061,3082.063477,-0.00041222,14.608,24.329,0.02025631,-0.0011607000000000002,63.07100000000001,33.258,66.632,31.865
1576.636,32561720000000.0,8846058000000.0,2.416417e+22,187.512,1.527467e+23,637.159912,7014.0,2960.902,5507.245117,0.00482731,12.823,27.091,0.0231919,0.01532049,94.688,33.425,98.031,43.554
1746.729,36767610000000.0,3881399000000.0,3.48813e+22,60.416,1.93877e+23,1442.523193,15873.0,2742.927,15942.00293,0.00113524,8.693999999999999,23.95,-0.13413695,0.00351676,98.994,30.159,99.504,39.601
2578.91,50604900000000.0,14965890000000.0,3.213797e+22,349.797,1.151281e+24,2867.113525,31550.0,18262.05,13691.080078,-0.00736881,49.162,46.849,0.01068489,-0.01293436,92.011,53.342,97.766,57.925
906.732,20528680000000.0,5170389000000.0,1.077027e+22,25.262,7.708225e+22,1625.169678,17881.0,3037.571,16606.251953,0.00132205,17.118,30.802,0.49765432,0.00471493,122.419,40.355,121.156,64.513
2749.481,54950460000000.0,1844863000000.0,3.909121e+22,242.276,1.095357e+24,2177.663574,23977.0,14710.25,10929.551758,-0.00432119,36.079,40.772,-0.06055736,-0.00791368,88.851,45.93,95.751,49.033
718.15,9224905000000.0,6077979000000.0,1.09168e+22,190.753,2.871653e+23,118.481255,1304.0,13610.61,841.5440060000002,-0.01200838,45.402,42.11600000000001,-0.51368451,-0.02350818,51.083,51.878,57.807,30.99
3342.917,59330720000000.0,4540349000000.0,5.890738e+22,174.42,1.083379e+24,1321.193237,14541.0,9979.819,6518.286133,-0.00213387,29.542,36.059,-0.07910599,-0.00431745,70.968,42.294,79.494,40.059
2855.491,43085460000000.0,3670626000000.0,4.922076e+22,12.502,9.866611e+23,669.854736,7376.0,11436.22,3081.004883,0.00019245,33.649,38.286,0.07103372,0.00035601,67.63600000000001,44.025,83.79700000000003,37.074
2490.42,42660790000000.0,5250231000000.0,4.324241e+22,277.908,9.82336e+23,1357.528564,14948.0,12979.68,7863.276367,-0.00487687,25.628,34.684,-0.13299325,-0.00838192,79.51100000000002,39.88,84.264,40.425
959.143,17277320000000.0,2856033000000.0,2.867677e+22,29.502,2.359162e+23,282.135132,3109.0,4504.33,1946.723267,0.00074812,17.503,27.287,0.13339472,0.00181014,57.07,34.398,66.074,30.773000000000003
1237.434,23043400000000.0,5846503000000.0,3.451923e+22,83.96799999999998,2.753624e+23,320.51825,3533.0,4281.76,2218.77002,0.00173412,17.675,28.327,0.06453145,0.0043019,59.067,35.033,67.435,31.424
256.846,5350375000000.0,1879479000000.0,4.613406e+21,17.628,5.406434e+22,243.208282,2681.0,5833.175,2829.688965,0.00252579,22.367,32.138000000000005,0.10602327,0.00624787,110.352,39.423,110.473,54.074
1397.3770000000004,25988690000000.0,1643159000000.0,3.213316e+22,21.796,2.649899e+23,634.394226,6991.0,4372.388,4529.688965,-0.00047762,13.871,26.226,-0.01321155,-0.00121991,71.209,33.356,74.01899999999998,34.543
1698.287,36149180000000.0,3821297000000.0,3.081372e+22,1.298,2.962746e+23,1240.596436,13680.0,4498.886,9024.794922,2.618e-05,17.176,30.48,-0.00357523,7.747e-05,90.927,35.968,91.987,41.20399999999999
108.076,1333949000000.0,790011200000.0,1.461694e+21,12.347,2.348729e+22,17.861752,197.0,8750.925,233.01879900000003,0.00610926,39.09,41.81100000000001,0.72066039,0.01248744,60.28100000000001,50.28,67.014,35.855
1059.607,19181860000000.0,4920491000000.0,2.312461e+22,102.569,1.363555e+23,211.775101,2336.0,3158.03,2262.621094,-0.00315481,10.393,23.218000000000004,-0.11211769999999999,-0.00832843,75.532,29.767,87.771,34.882
1041.576,21013660000000.0,4892348000000.0,1.061195e+22,85.235,1.452167e+23,1472.951904,16243.0,6040.227,14358.084961000002,-0.00470836,31.63,37.554,0.49816462,-0.01226543,131.614,50.69600000000001,129.991,79.39
1049.9,21340160000000.0,2578682000000.0,1.084584e+22,98.695,1.457894e+23,1493.682861,16480.0,5768.955,14590.145508,-0.00518685,31.515,38.012,0.24992456,-0.01409963,127.581,51.052,126.544,76.352
1088.397,21567000000000.0,2006251000000.0,1.10622e+22,53.129,1.540835e+23,1499.016235,16542.0,6138.451999999998,14633.487305,-0.00281108,33.739000000000004,38.915,0.19579674,-0.00722395,129.944,51.976000000000006,128.267,79.747
3169.708,61464380000000.0,9803421000000.0,5.813868e+22,115.041,7.550695e+23,1307.2404789999996,14429.0,6432.665,8900.904297,-0.00130159,24.713,32.318000000000005,-0.00374474,-0.00340639,71.071,39.774,79.611,37.503
3394.0890000000004,63689180000000.0,4785495000000.0,5.731067e+22,78.737,7.433031e+23,1675.150024,18479.0,6767.068,11681.811523,-0.0009519999999999999,23.791,32.0,-0.07583545,-0.00227428,80.24600000000002,38.677,87.37799999999999,41.192
3219.903,62044560000000.0,4925428000000.0,5.320494e+22,70.395,7.145539e+23,1712.260864,18885.0,6796.989000000001,12381.046875,-0.00088931,24.615,32.383,-0.114711,-0.00220764,81.17,39.751,87.76299999999998,41.96100000000001
998.784,18261370000000.0,1187758000000.0,2.549186e+22,32.64,1.980828e+23,273.271423,3018.0,3976.584,1879.85022,-0.00087024,16.430999999999994,27.653,0.05845958,-0.00238606,59.097,33.73,65.872,30.941
958.02,17191600000000.0,772115500000.0,2.498389e+22,29.314,1.910311e+23,271.515106,2999.0,3957.626,1934.647095,-0.00080655,16.17,27.401,-0.03838355,-0.00217055,57.985,33.652,62.133,30.854
1291.165,26397130000000.0,3261026000000.0,2.845665e+22,27.419,2.171212e+23,725.80127,8019.0,3736.132,5740.518555,-0.00062665,12.699000000000002,26.864,-0.13763151,-0.0019191,76.06,32.346,79.22399999999998,33.693000000000005
