0,1,2,3,4,5,6,7,8,9,10,11,12,13,14,15,16,17,18,19
0.34550545128474786,-0.3454071642000369,-0.2313142403512429,-0.32976286425280166,-0.3818050560984175,-0.3273165685857013,0.010191082096280014,0.477473170366092,0.5114471505740907,1.3755848251077916,0.45111423762212666,-0.6969397304742816,1.9837769315615146,1.9642120432889691,0.36653073337598274,-0.7045793867775214,-0.12814153058590208,2.173612266266228,-0.4041002139972458,0.9695550617413722
-1.2605844303483806,1.1371140528299253,1.3109388675935219,-0.12529353495488615,1.2852216040255766,-0.43204061873042454,0.9140651768879213,0.8358308800926102,0.7640729382369371,0.6123759023187246,0.8078926142756865,-0.06268897708025481,0.321048355453224,0.39602737785236153,-1.0068299062613515,-0.11032667816586984,-0.19507993370804808,0.22885378451204197,-0.19592124849642148,-0.09600497491806557
-1.5765365382106353,-0.5638873370263878,-0.5904914978981226,-0.6574140776008849,-0.44750944123995606,-0.599964537629977,-0.21631716317879765,-0.6003705387026994,-0.6015759378611438,1.260945688243925,-0.7305120098418849,0.15470663311561353,1.0486711093808043,1.0310265799418246,-1.341802592085537,0.04406347447025823,-1.1128748038116103,0.8595324262663872,-1.206816487085577,-0.4290524890381752
0.42449347825031153,-0.20684701826937768,-0.118053005898809,-0.23033262864327325,-0.33512799834091617,-0.0948830228734608,-0.3516648017416258,0.999107513955578,1.0375249302023668,-0.2999392905352374,1.3390434124048087,-0.9101326441399512,0.06726346752090615,0.011662653453969324,1.8754147440878892,-1.019725411602454,1.4699212054506405,0.4001688925059574,1.3762000658331015,1.3794932624285192
0.9335274298061664,-0.6508478397860253,-0.7318104076524465,-0.6930791094160695,-0.559997919703279,-0.6518697643673448,-0.5653892807235614,-0.8660634056564277,-0.8597815764880785,-0.7890124229578308,-0.9235788958306497,0.1611077523768469,-1.0590959191078586,-1.200249418183594,-0.2672134079243327,0.12534727083374636,-0.7573737985192689,-1.1902727612422062,-0.7100051130847023,-0.70065727518644
-1.5238778535669262,0.6993560634829176,0.56131061800588,-0.6750128270880186,1.1531503931635516,-0.2926214549295812,0.8991193649402922,-0.1316060028752729,-0.14968659922018362,0.8456076861145071,-0.24960226176399755,-0.0024632056818597137,0.14093268577335946,-0.16215740462950526,-0.5344869379699666,-0.06141231665802677,-1.478695714555807,-0.013643414865391067,-1.527851048980797,-1.1969993120839935
1.152938615821621,0.1720131703840876,0.15020807043802029,-0.6619287098818519,0.5743902745587235,-0.4643911037644517,-0.1898864973151547,-0.326062344445812,-0.34588516164055877,-0.8143864560765838,-0.40697979880363766,-0.015674026284830795,-1.2154242278185186,-1.247947514930407,-0.5220681010610128,-0.023365348147292075,-0.8051386068128311,-1.3777897631704308,-0.887470213744013,-1.133287392454098
-1.7783948293448537,-0.17866938776401162,-0.00683920772624912,-0.2380185408653625,-0.29788299316933325,-0.3844419627265104,-0.2662457794951649,0.02390502462924621,0.01951648705703157,-0.17541732090302348,-0.010644749355855503,0.18893480002991364,0.6496958075060159,0.7386928458923437,0.20812437300978448,0.2623628225786152,0.2732633164431086,0.7206211061410882,0.17764506108755806,0.5354412422357582
0.21385873967547503,0.09026840247892472,0.11776236134106692,-0.6452943565942638,0.02725452980104652,-0.4377916962931215,0.011751272372521103,-0.22652455938181856,-0.20206646777743578,0.5315183686801831,-0.5142517083791079,0.09642428286609449,0.5454769350322425,0.704162935363977,-0.23806677215196895,0.026452362002273626,-0.04146560337550779,0.5093324729485932,0.048361118382585874,0.29543058609574224
0.11731781782867495,0.8698477656774328,1.1263992326680239,1.434762324671299,0.4964565845646914,1.213883284027959,0.3047093010477608,2.551474538367657,2.6224383723540616,0.08483392950778895,4.281669810529893,0.6183043390555264,0.16106045274730224,0.15314749871215144,1.7614223109961162,0.761100435580883,0.7958001684480002,0.28316996991476484,0.8149739900927323,0.556125796964916
0.8018807181968937,-0.4444625746054338,-0.36692097493818726,-0.24079287138100625,-0.5604426370215463,-0.3059561933458063,-0.5210584986382838,0.03459982997745724,0.02733613735177514,-0.823045512827817,0.46814926734762513,0.47122155147958034,-0.4887561505853544,-0.3210535183320769,1.1035305000278595,0.7583736454732923,1.1088936934135896,-0.0735373014586137,0.9310113610690196,0.8011112194321974
-0.24251652723667075,-0.8669475825175901,-0.866908132106732,-0.8736652052325432,-0.8891113503469242,-0.816565102704521,-0.6734900785553893,-0.7410299372728547,-0.7305805203618632,-1.2254023344157468,-0.6459208665901217,0.03928557607595384,-0.9117574826029516,-0.6419183225215221,0.4602573783679928,0.1700927495228151,1.1849113576163308,-0.47061650525846466,0.9473747732044543,0.4942466859819093
0.4683757154534025,-0.7241278256956514,-0.7561097201662235,-0.8489383353638765,-0.5549433688566167,-0.7970588705588788,-0.550097625720436,-0.7638520857367578,-0.7517210824652403,-0.8752615717705602,-0.6664000163474381,-0.3252208332332947,-0.9136668359917842,-1.1701089030613754,-0.7440149827668445,-0.3817795961670212,-0.5062560991907795,-1.1781877419961246,-0.9427941309638206,-1.379581963954871
0.18752939735362045,-0.935892145091786,-0.9745653392865216,-0.9304069203301055,-0.9085941266989811,-0.8592615984054617,-0.6979070616441381,-0.9315513127848698,-0.9201382742404711,-1.497244049608225,-0.9371839700671415,-0.06036112172797285,-1.7369163721433913,-1.5857846480236257,-0.8501000690305325,-0.04202506503951905,0.8624566069403135,-1.715904697242143,0.743481463262911,-0.5422502421340297
-1.7783948293448537,-0.16986183673907176,-0.2288216995128718,-0.5064375417024267,-0.10305494871552393,-0.27058194588190765,-0.36709915386417796,-0.5010337910144854,-0.49736632689802845,-0.6700958590735313,-0.5419622996817101,0.25191439533260584,-0.7414272490408533,-0.9046967941696041,-0.3768958120009207,0.2513623133312437,-0.27543985321020387,-0.7488375527369553,-0.37182792895235917,-0.44738057550704924
0.11731781782867495,0.8721802081081019,0.9884288856213495,0.525451177976693,1.231969022862285,-0.17688304021187656,0.48267756780481846,0.5025290144257253,0.5396607631953264,-0.07600928150011646,0.500271873437073,0.017032824372272642,-0.3345758644371309,-0.3820661144775394,-0.18848442952931532,-0.011425908870549032,-0.2258704712857163,-0.47446777512809485,-0.25468667699868164,-0.7017918710154661
0.8545394028406028,-0.770356076547081,-0.8543674452387141,-0.8812866780877914,-0.7948782228185756,-0.6274802367467228,-0.6064395034234065,-0.9197885761312556,-0.9115720241688425,-0.34966525473512755,-0.9684229220341634,-0.9327031819062468,-0.6200241960675881,-0.3700684337007338,0.5626915376877432,-0.875768559034117,-0.10846039942361965,-0.4004968331493264,0.3269936639109822,-0.14234885070364736
-0.32150455420223445,4.114760305729853,3.651321874561922,0.27207427097572606,4.426404703566443,-0.47746442956419055,4.137434084330996,2.42893901280415,2.4295798615671194,1.540112019276566,0.9760415664766375,-0.2601616227548918,0.0784013622890957,0.01883199928401158,-0.0547287085764008,-0.2759584562762611,-0.7611521245590182,-0.1760607614363676,-0.6790964457177668,-0.5520252215840961
0.4683757154534025,-0.6775685002875862,-0.6301909365545597,-0.8440094918066087,-0.5924622839367975,-0.7595016929985489,-0.4737706741792921,-0.4213639814036745,-0.40553455434116553,-0.3503400144048499,-0.15588179481800513,-0.37328283597970363,0.2053733626464558,0.1611947236234255,0.30465862551018613,-0.44428981519780575,0.1969072946845696,0.1101284305999798,-0.11287043849157016,-0.41246993461395615
0.21385873967547503,-0.048526439422455,0.049631869010626994,-0.8144200463334074,-0.2362237657446184,-0.5735349136105915,0.05947371750448254,0.5679794328514386,0.6072869850910736,0.9284582648748697,0.28220971305270404,0.024299403548711282,2.026896495592649,1.986012707139504,0.1369018253856558,0.009848830711594987,-0.1124642971672365,2.0442627196103564,-0.1175456991016949,1.0220955762854773
-0.32150455420223445,4.051900901571772,3.5876196363179758,-0.5247106005231675,4.680840319996257,0.015947841590414912,4.216936915599485,2.0258163530678495,2.0298739178579153,1.4792867162477528,0.7505538837633658,-0.3242269066119262,0.01722249745525461,-0.06690752431608628,-0.2651763463097522,-0.3254161665037316,-1.0324020984575226,-0.24631323595480226,-1.0000011392627057,-0.7317277455812938
0.538587294978348,-1.0667593442295882,-1.1258921345587705,-0.9690787676083994,-1.0595012434970532,-0.8917872568422887,-0.7219348714601256,-0.9959551172330197,-0.9857997598812577,-1.733354466935132,-1.0501862159502529,-0.25193685581519015,0.6309204991824966,0.6841180296758984,-3.4275537609177595,-0.4438477687818377,-1.2018064480606618,-2.409664483412852,1.3589275752456973,-2.310125096960271
-1.98902956791969,-0.7238903069211589,-0.8326491582044554,-0.2021314455794292,-0.7774410899439006,-0.2285645839887457,-0.6290490458322314,-0.8777858506415795,-0.8677584056832189,-0.639300323181493,-0.91268494255889,-2.0931062339059476,-1.0976807688405152,-0.9128903322610817,0.0168909990511573,-1.8039852418868256,0.8111390443108671,-0.8580011331795893,1.2438642168965204,0.7256169585008831
0.42449347825031153,-0.15267902692392113,-0.06380722850835494,-0.5166745506744401,-0.3495651575233296,-0.4176063303397007,-0.34009032771592046,1.0873806347246509,1.1261738300261934,-0.27091035408176517,1.391808428007753,-0.61777912568552,0.1836544678484863,0.1844585192760096,1.0469123430983487,-0.7101275716233931,1.4466873199524732,0.6281906292699527,1.3237332523194818,1.6020485981219883
0.9686332195686392,0.628495623663198,0.9045262294525175,-0.8469977668716396,0.3701959158970592,0.015893942081861102,0.5456233207587188,1.335566611374121,1.2666524722558834,0.8234935553586129,0.8207355806120848,-0.5881332599294048,1.5930754943716674,1.643200925919316,-0.15939323823244378,-0.6390899590891189,0.07848215015507808,1.6198262194951984,-0.11806517250281957,0.9954762126044937
-0.8305385057580894,-0.5471791615025405,-0.5390575657707848,-0.7365067077739444,-0.26210839257375257,-0.8181766980102815,-0.49363906284527004,-0.668787506464447,-0.6727779797409195,-1.0601866484371245,-0.6673430915397585,-0.26341096109724715,-1.2028543180087043,-1.2322920046484773,-0.8170767589463495,-0.3113364021087645,-1.117386237888924,-1.319356703079483,-1.4720725925350067,-1.5753433827628909
-0.32150455420223445,4.441055049064743,4.066399751045556,1.7439542560113799,3.6769253883295048,0.2255253007003907,4.740567944518044,4.34016831978679,4.333527176799332,2.628524138241954,2.223014478636987,-0.38169016087026886,1.1218629892860499,1.166219958451194,-0.11236663410364786,-0.3585173221312632,0.09962949739248733,0.7732108602229415,0.4342649212432847,0.3631572294283428
1.091503483737294,-0.8892372476131696,-0.9569345510919153,-0.4560664369946952,-0.9667851209076898,-0.4396027197805312,-0.6547181935111612,-0.8262552608043469,-0.8228445348948175,0.18656808574498515,-0.8005245133130638,-3.0110336905554225,1.2432660422593163,1.2423028121577662,1.2103386266416922,-3.2415256284742036,0.8408017233692063,1.9113275079034502,0.7725070395507678,2.442696830827676
0.8106571656375118,0.05683188854714762,-0.09091592837854956,0.7592702617090604,0.4957449806688155,1.473864868562078,0.1364294841748491,-0.5472273748715192,-0.5458953123955577,0.09197733494981768,-0.7184479434380621,-1.3098939880977223,0.04944283589180292,-0.03310917968874362,-0.43350927386322285,-1.2554161047844932,-2.0028115684877585,-0.08655193756977925,-2.1992704199347957,-1.3766145594789583
-1.0148439020110713,-0.7624534357597658,-0.834798262443223,-0.6985108140936921,-0.7152907912163862,-0.6670802056812442,-0.6254927071503835,-0.8753206479491825,-0.8709412784162553,-0.9549594127125764,-0.8934626726727799,0.2779747842971565,-1.1045226184838315,-1.2608230747884417,-1.4590527189013023,0.24465459385257707,0.174462910149932,-1.1700867950289704,-0.0002745787977373615,-0.49433538750825995
-0.17230494771172525,1.4897028100391896,1.4999183758008157,0.4181109918015632,2.287390254675052,0.25483315847655236,1.2531967287522974,0.5601625502290852,0.5807630456491042,0.2372641852561319,0.7398407877900801,0.04609527741769149,-0.6419022036479601,-0.6265554386000027,0.151938204945906,0.006930738319821078,-0.789404980468198,-0.8666332897839335,-0.8624705563148735,-1.234353697839603
1.152938615821621,-0.006985655862536966,0.10065555416537408,-0.4304115963574555,0.3632327046206376,-0.8202949486964481,-0.4710072997041949,-0.1256403441657451,-0.15428408205679164,-1.4453586390591047,0.20345550498533754,-0.16986981253886999,-1.6566439734212255,-1.6706462925424939,-0.9816607606985074,-0.1841450807960492,0.06280491673641168,-1.7589326778545686,-0.27007607650700893,-1.1103336460668893
0.17875294991300228,-0.6172145361056024,-0.5894658804666458,-0.9556658136069356,-0.5732958945991642,-0.869995685533963,-0.5304474425389245,-0.466137569846289,-0.44596882646825664,-0.7731294527273587,-0.04006297347286061,-0.17518137958542537,-0.5632209327498214,-0.5699322378606893,-0.27880770566657526,-0.1947512645473583,0.7185982527999647,-0.5286511581215194,0.5147183642425108,-0.19384204602095956
0.6000224270626753,-0.11585393869322991,-0.18243630774431094,1.829510132735569,-0.19512070439377724,1.6856468175719066,-0.23901916910854998,-0.422110152746828,-0.4124504259586272,0.09927933314742077,-0.5125235961027431,1.9474962223973478,-0.2628159995735101,-0.16098689918786635,-1.3414810226641682,1.7768251460082816,0.16115417962185713,-0.3581328645833888,0.2716697466911738,-0.1679208951578381
1.468890723683876,-0.0958188872957619,0.006807313710043,-0.7095500602683308,-0.14388241455832954,-0.3202180033091578,0.36997527757008103,0.07281143203951132,0.03723840807677705,2.085399148222123,-0.3142283116899399,-0.6075317325600598,2.4561032261239517,2.356038739877811,-0.5387790403649002,-0.5761674145661672,-0.7018267664423405,2.1969854903026063,-0.660070732401566,0.6462825270713295
0.8984216400436937,-0.5029413905677403,-0.5308059260916986,-0.8491615691295961,-0.19233581318974408,-0.8371277652178187,-0.27764543638563166,-0.6969079682778292,-0.6949402046968761,-0.20350681741728585,-0.6270567509475987,-0.1600329333240818,-0.2029895933900923,-0.32354084239556036,-0.5296616039874088,-0.18553066189155512,-1.4474540335704085,-0.36304655372740113,-1.8092108298650986,-1.4055031148179924
-1.98902956791969,-0.7606222426273884,-0.843378814727785,-0.4139516170205475,-0.7779271044483873,-0.5118442310952703,-0.6230968277807855,-0.8917456597099009,-0.8816687383683407,-0.6477671299709619,-0.925262056632052,-1.2151203318922448,-1.2057183480919533,-1.031111381866677,-0.12385725622543581,-1.2051726737968218,0.19498993520171162,-0.9346281233443093,0.6245220544052976,0.3573969736809828
0.6000224270626753,0.05074068126580873,-0.06372231900422397,3.0032596682102297,-0.24597552035718762,2.821285208022899,-0.13921669846998655,-0.21537014613088665,-0.20564228776146426,0.5277579163468479,-0.3762828929980061,2.8725318481494964,0.3789654082478096,0.5000560489780775,0.21163619791705637,2.725094661730813,0.4301484364817027,0.2852948084635254,0.5416011127507272,0.3059910549659025
-1.3834546945170352,-0.5566698310401976,-0.5302050796269402,-0.8211956884983602,-0.5706629882777479,-0.8778191992005557,-0.6245423443350017,-0.03933174355642629,-0.06795357101381864,-1.3849358762163386,0.5700811413667596,-0.22137337072933724,-1.5801107250855233,-1.3875302888459244,0.37205328483903705,-0.25707771617605013,1.8610625399537626,-1.2271918310269423,1.7806750427840174,0.39544957225445376
0.19630584479423865,-0.6729511998326818,-0.6287452405236982,-0.9180449190071116,-0.7064708921595295,-0.8556557212832083,-0.4574187427197917,-0.48826465765682264,-0.4684847039501062,0.35853648431616864,-0.43072573762181354,-0.26494386833545114,1.2446980573009396,1.2016277480607904,-0.540499569084754,-0.29784142828492177,-0.04857111204727757,1.264579774624095,-0.23819339651296506,0.5272372416258811
0.8106571656375118,1.041085494583001,1.1937123592981715,1.2114766271123525,1.1246637626693559,2.0559876458700543,0.5491196634634911,1.208008620307366,1.17034110103771,-0.01396693389542778,1.16229807874359,-1.0887902298946295,0.0998020315222597,-0.03940064643755721,-0.1771725614208925,-1.2058746736449075,-0.30955757341989026,-0.027587667841640535,-0.570721307408074,-0.33968124835185587
-0.207410737474198,-0.26244092877715297,-0.2641652806073899,-0.6187629650237398,-0.5299616614595173,-0.6930651587550603,-0.3802919501291675,0.17646747235293575,0.19300269837006107,-0.05325000941594884,0.32769269859441924,0.015180199241286406,0.7434132363412108,0.7250857201332833,1.003491635950716,0.03540589494842945,1.0210335147579004,1.0540879558873846,0.9097129516228954,1.635126430368197
0.21385873967547503,-0.6458760758289496,-0.7140565006768502,-0.8938356047750293,-0.46735063221907913,-0.7622424830085127,-0.5816992981952155,-0.8698104582429823,-0.8572667140817288,-1.0872788146175278,-0.9352101966725417,-0.034597268694190046,-1.4426372810895842,-1.5050197725504957,-0.2557072493983268,-0.06569212968535376,-1.057948093920314,-1.4684938087206962,-0.9448070903931801,-1.0075218086367301
0.4508228205721661,-0.3480876180099716,-0.34362426491134634,-0.10231991323965953,-0.4821667703416964,-0.09445991173131305,-0.31494772714209895,-0.3164839990437587,-0.29786700756931933,0.3549577808962664,-0.21034884862251754,0.679746197544595,0.7180347475479788,0.753909416633658,-0.6966587422375665,0.7041358897686067,0.5260728035505899,0.732307718159278,0.5258221081915572,0.7551164500555476
0.8106571656375118,1.1036448750259344,1.2327752001196899,0.6644961177851195,1.4393556259253846,1.793599448279006,0.6637491546469433,0.736851103858178,0.7108678804526014,-0.0339609299189233,0.5958591641569396,-0.9359747362955327,-0.05032087867469463,-0.23765500561525793,-0.8347734062694953,-0.9984088115642523,-0.8575840279616056,-0.27473295154449134,-1.0597405803920754,-0.8029454530032036
0.6000224270626753,-0.24147677168116033,-0.24236051994655566,1.7143399417700447,-0.14222575124448072,1.375199123178808,-0.2966362640950172,-0.5379254039774908,-0.5275446757742248,-0.4424694810256633,-0.6218813992332348,1.4072541204623221,-0.37093313521614985,-0.3530961047969591,-0.5171343537083624,1.5818450021559207,-0.6062971498552187,-0.46477319924936933,-0.7339008895364487,-0.8865564379421618
0.9686332195686392,0.6473951014291371,1.0003814624502287,0.02878311232176986,0.5061007417464984,0.7726619070060566,0.5258742500531175,1.136896271885799,1.0746191506960248,0.5120916985242476,0.6747381481937762,-0.8430846145037274,1.3279140424975555,1.370912097557915,0.2475718581908148,-0.9321386863703759,0.059082983622628316,1.262189331256737,-0.13449351881339708,0.5178113685847463
-0.24251652723667075,-0.8383735497111612,-0.8644272104636631,-0.7116645638506336,-0.836828073140182,-0.7831554923274106,-0.6570464102244997,-0.8215249233928769,-0.8112918857156486,-1.028728469469593,-0.7850913281041797,-0.5252840631630438,-1.1388909794828164,-0.8648996091538592,-1.141797850885131,-0.630981170146205,0.8662349329800643,-1.021480899024946,0.7941950540477347,-0.1769103851878091
0.9686332195686392,0.7113558023158076,1.0848398289789916,0.2530079715949495,0.6119457109600508,0.9210768987845394,0.5550613398310591,1.0164162469665041,0.960035732306717,0.4279056018222168,0.577460550828323,-0.8619856408661561,1.240879350523275,1.3100458145926561,0.3296916994888355,-0.9507130079322453,-0.024886083141379103,1.1300509340056164,-0.21741446046796653,0.37363042169627053
1.3372440120746032,-0.5302979884332649,-0.4846006318503208,-0.45143477521662745,-0.5126820197589552,-0.114572513348186,-0.02368194939827449,-0.26762477118538347,-0.2918156199040404,2.2675734887410894,-0.35469686575355613,-1.100875759424817,2.6048736776704833,2.5604382526241203,-0.010442316400336485,-0.9758799327186232,-0.8667196819681667,2.4617934944420403,-1.0437667733074834,0.4801951530224379
0.8984216400436937,-0.5029413905677403,-0.5308059260916986,-0.8491615691295961,-0.19233581318974408,-0.8371277652178187,-0.27764543638563166,-0.6969079682778292,-0.6949402046968761,-0.20350681741728585,-0.6270567509475987,-0.1600329333240818,-0.2029895933900923,-0.32354084239556036,-0.5296616039874088,-0.18553066189155512,-1.4474540335704085,-0.36304655372740113,-1.8092108298650986,-1.4055031148179924
-1.8573828563104173,-0.5914625005553672,-0.6122835221333373,0.0970968869512398,-0.7311708235173223,-0.18284702083336113,-0.529479629603477,-0.3693552189489366,-0.36671136594314213,0.0014911477640860088,-0.14257641161747528,1.213009562998194,-0.15788111957892476,-0.06515176615362686,-0.47989551350717713,1.3147577111170146,1.703782669433404,0.1698895147839042,2.045151938131757,1.5443587640461527
0.11731781782867495,1.925468706438841,2.219220302203826,2.7775024539593876,1.7037629676943664,1.9831020354280966,1.1205221073741842,2.469034122103576,2.539880154920613,0.24844672469875956,3.117774591459736,0.4694346085743017,0.12677164813951847,0.1275426921762864,0.6359442323729267,0.5251405796663935,0.44193455800868486,0.02075240914268875,0.4632255633559997,0.17184691733419186
-0.9007500852830349,-0.6289469150955577,-0.646984919241349,-0.8282852622892856,-0.7507763115084313,-0.7488888797642936,-0.5600250274599171,-0.3180357583435566,-0.3378690377203191,-0.4133436118183609,-0.049810887175963894,-0.474408349777134,0.47101215286777603,0.5309281300013209,0.6060760074530104,-0.5333998424258192,1.9212901848859032,1.2875545914325814,1.7124941588863667,2.4440932564633977
-1.9188179883947447,-0.21136431081923285,-0.21149904343983547,0.8293021756428401,-0.3695147887329334,0.43897543949996154,-0.4881522269639042,-0.0727069387034223,-0.06846440244010842,-0.8368382359249883,0.5511489754221783,1.098227941744099,-1.0512993927701257,-0.9244490734972715,0.17949556046811452,1.2948693898394974,1.1260371429073837,-0.8704845596535646,1.2778247904950637,0.4225925955488344
-1.9188179883947447,-0.28759573970086283,-0.16901166824907685,0.1358563249566387,-0.34991800967225173,-0.18379565218390917,-0.4849460175167117,0.060009849329554596,0.0641552947697386,-0.9700908848432105,0.7286677840462824,0.40605802217211245,-0.8019696627450837,-0.6446982729454164,-0.11133879852679847,0.6018800049202707,0.68933032422339,-0.5734055700548132,0.5269259891689474,0.18380381184007633
-1.2430315354671442,0.10160558894086248,0.04234551632587187,2.6665058274342175,-0.06780541234473277,2.7974265905615314,-0.28467297991069684,-0.35911597968038705,-0.37771388897092206,-0.559421810356642,-0.2392004273501341,2.162114826726904,-0.5080883536472834,-0.5207710093118278,0.5729686983482202,2.6969598306099534,0.007314277585449283,-0.5398065605025181,-0.16442817355322137,-0.4766182372550149
0.21385873967547503,0.0067372030440478355,0.1667374929856225,-0.012511477164573216,-0.15390274134794465,-0.14208282251407647,0.2180968885744783,0.6721697259639167,0.714090047910737,1.2081227225591413,0.28542513371135503,0.28326606712694924,2.174394044879958,2.140958364976541,-0.1524232402313671,0.2651339847696271,-0.30972675219778956,2.104555013431471,-0.3479321525006108,0.8142899863693404
0.11731781782867495,0.9425139933955854,1.1194031364197587,1.694619008639861,0.49531374814604845,1.4253148862321887,0.39314907914192315,2.6244239906317506,2.6974127078433616,0.3426556681468929,4.341415224018343,0.7288166156386314,0.29463563357437456,0.3080931565491884,1.7163025870729314,0.8176714931062182,0.8353316095504643,0.4402752201138362,0.893024868611757,0.7691679830150178
-0.10209336818677975,-0.46716436905166053,-0.5510405312643003,-0.6755579651142009,-0.20471485545893772,-0.8715830260608741,-0.3717982595216974,-0.7647461066045386,-0.75223191389153,-0.41323321618205316,-0.8594378105161188,-0.22086916305552345,-0.6965574444032903,-0.7367292632943273,-0.23819268531802126,-0.2479420902460438,-1.5380774655984528,-0.7860222273402859,-1.6604466346179392,-1.2760719137068497
-1.049949691773544,0.1390904067387344,0.23234438547486447,-0.6354965008101208,0.18497157423855637,-0.8601428553703172,0.4962996138548879,0.06424898729604367,0.02442832769443331,1.6984193617411987,-0.3947658657024812,-0.22124490402317395,1.2633938092332577,1.3164835945216733,-0.770566398798368,-0.24539864893598523,-0.7326736969459747,1.0706882570495857,-0.7607187038695251,0.08378482568136476
0.2665174243191842,-0.19448596055372877,-0.05855959770699721,-0.2923674781795472,0.1306292530389038,-0.4453268475889512,-0.22223967284840573,-0.2722723510222269,-0.24823776976901216,-0.6235816001172342,0.3203203417184473,0.03706203955273677,-0.9076205502604813,-0.8173478255872519,-0.0630608736220176,0.06801351579904219,-0.2951773772984522,-1.0457837399264085,-0.5624746671652149,-1.1286617325357635
-1.0762790340953987,-0.3634694790188684,-0.30733327250757736,-0.6911304951459071,-0.08161861880202181,-0.7292505938226946,-0.5181178848628212,-0.34366256865518435,-0.3641572088116932,-1.3276146922385081,0.0410530932412301,-0.09322734837392546,-1.521477664770126,-1.6586486117656887,-0.8021611279782219,-0.08378882344360629,0.17592912622505963,-1.609795572213353,-0.15520752068325466,-1.0597132167719043
-2.0416882525633993,-0.4854686384794827,-0.45631146642664216,-0.47336968700164955,-0.5239016505483703,-0.7772454112144797,-0.51284472607025,-0.46401761323815055,-0.4539849503884963,-0.6802983006718701,-0.5054851163768435,-0.3443324290840212,-0.42654305266589615,-0.2727701688644451,-2.170591093397806,-0.3884023389198909,1.0717307552017155,-0.1694206409714866,1.1045804112198931,0.5947893317540167
0.9949625618904938,-0.7993478843117006,-0.8092221791225925,-0.41062637014730213,-0.8431945260290712,-0.49701917126753115,-0.6086107111807647,-0.33898613854844406,-0.3524473807321275,-0.35590530076298393,0.425116093860497,0.9035583816430397,-0.11372732246217351,-0.13362633448954084,0.8900200992245368,1.1634300694460589,0.6776569885483404,0.03708710548629526,0.26147508119409774,0.9884068078236439
-1.69940680237929,0.1799694444430625,0.18437543145426094,0.6771148233100037,0.2512187223989786,0.6203688455871238,-0.24373954769457445,-0.008053469347894011,-0.01797068068761852,-0.7080934985751963,0.13699050241104005,0.5962080655954426,-0.8897203622401766,-0.8366611653743045,-0.16908496669442136,0.6624077127521685,0.2379049518621598,-0.9082004438940854,0.2718645492165966,-0.5245330918807847
-0.18108139515234345,-0.3315972016342155,-0.3646078612888087,-0.260172297809963,0.1584323729611827,-0.505818266038949,-0.4072936150935718,-0.7217606710362788,-0.710343736935768,-1.0155259591401915,-0.7239095338273533,0.036957720723671844,-1.2320515135796013,-1.437276770115606,-0.5739920871128059,0.016438503704179278,-1.2698163167761702,-1.4424645364983661,-1.4684362787271303,-1.4180709455395064
1.1968208530247122,-0.864223980135719,-0.9283719770649348,-0.6783889817925027,-0.7860144700830191,-0.6737179301596521,-0.611229598240472,-0.8528501830006313,-0.8489755270857947,-0.407617309385807,-0.8566656494762143,0.40421119253162985,-0.6889200308479599,-0.7257557747789559,-2.7087880560547117,0.31187076535335484,-0.34722804796546153,-0.7294484009795033,-0.6491617909779416,-0.5891177775330073
0.6000224270626753,0.21370920815144154,0.06794506148317017,3.431601524851616,-0.28440690659954954,3.7184613927299,-0.10436879816765861,-0.1169127172357765,-0.10795560116481842,0.6676876164581135,-0.2833408513587665,3.5947784316050324,0.4264605737950178,0.5158578724402113,0.16177518171435,3.6377283712115274,0.5063916723883083,0.40162971900823147,0.6076391688687373,0.5626715421323707
0.9335274298061664,-0.10776700914540038,-0.05314058377493302,-0.21114417972489777,-0.3540645842885667,-0.2406219040522443,-0.2516669782200095,0.023266999951049083,0.0021482185631790107,0.2477377693075473,-0.062143832129493,0.39340356865748766,0.8995028758782663,0.9779148955274294,0.21009894754805977,0.37570210037731666,0.6130870883167844,0.9312457272870958,0.7403646228561621,1.187135631107576
1.2143737479059484,0.06578219279139277,0.15980753677215398,0.783894730767764,0.30828553415615273,0.31369681176822356,-0.26791823185945685,-0.15952470740567085,-0.18811684036721485,-0.8485738305797507,-0.13461767582001355,0.39864848756325155,-1.030137392710566,-0.9067451786924733,-0.5490194087714326,0.4673392433375261,-0.02595754873474068,-1.080179563934489,-0.07852025984218301,-0.677616252196999
0.8545394028406028,-0.6165072221319865,-0.7750170557216199,-0.829198823801028,-0.5409380040634495,-0.690477982344475,-0.37696073589912654,-0.8803600854802585,-0.8731810777469105,0.746652807335759,-0.9712319055662346,-0.5086007778333285,0.4213689647581312,0.39339374060867244,-0.05830289251269043,-0.47125171633993257,-1.535426998078031,0.151828387119429,-1.0982465462504607,-1.1317164136139093
0.9949625618904938,-0.7697330434289302,-0.7690132834413695,-0.7690762362473796,-0.7949605081644507,-0.7146168772503214,-0.6172424862627678,-0.14126691124565796,-0.16155360620014622,-0.7852492780480005,0.689842406457575,-0.6057051871363397,-0.4647301204425459,-0.5444737445050283,1.1870962512964525,-0.7792806264259551,1.329671998572142,0.00999541398958296,1.1045804112198931,1.1496939687497334
-1.9188179883947447,-0.35516962941512675,-0.3540750607474248,0.28547195409068693,-0.3764518732180733,0.10476075681003856,-0.5891688342001581,-0.25188557242316395,-0.24548713901206717,-1.3608674734401565,0.4260742913884573,0.7803520490268686,-1.6716801313582814,-1.5701291377416966,0.25569560493479315,1.025768192259661,0.9799230717283768,-1.5546825723548454,0.9424397758937668,-0.24664439037176278
1.468890723683876,-0.11543455070431302,0.00019398056855759923,-0.8556134053047584,-0.1736523480909621,-0.39949340049017595,0.2829205566823394,0.01464630124195826,-0.018206449038213807,2.05717825397489,-0.33782458720200925,-0.5790642832063445,2.267236353411938,2.1266196733164584,-0.3496372761653332,-0.5380756553674508,-0.431027935951568,2.0126557461975265,-0.3388413679809242,0.7519744923751684
-2.08557048976649,-0.6449518092226055,-0.7074874098559384,-0.8715139105020894,-0.589558277039179,-0.8388094298846993,-0.380534377264902,-0.7358088163930305,-0.7245291326965843,0.865258109377202,-0.7849301366333185,-0.2879307155029225,0.7812820785530551,0.7486421421462797,0.29191442044366717,-0.300225381257401,-0.8279777418292331,0.5246047500178176,-0.6593564564750195,-0.3650787396015815
0.14364716015052953,-0.7942563528231746,-0.785961220465912,-0.8086692899893141,-0.7807528433454566,-0.8504975383146038,-0.6658208824259294,-0.6819948736935253,-0.6660585817489538,-1.4205215056935145,-0.6684212841975835,-0.11439441152326436,-1.349476746992799,-0.9861932355437592,-0.22596369985401676,-0.08591575321589193,0.9468204241860853,-1.1380814143882467,0.717507793206664,-0.3467506531327075
-1.6906303549386719,-0.6986826692411527,-0.7524072188939859,-0.8824095761124726,-0.845487755970502,-0.7956817381153276,-0.6237598270317544,-0.6311634557377646,-0.6284535298290062,-0.5606358930983729,-0.44074198733598974,-0.47706654808812143,-0.09797515700430547,0.09140333666566487,-0.2609226154186426,-0.5685919278334268,1.8100833348801149,0.46298443210372625,2.060281600939521,1.998720755269759
-2.0416882525633993,-0.1765764803962431,-0.2914534076665771,-0.4780201466426891,0.006299157593718524,-0.11648055595099274,-0.2963035849804275,-0.6816791560526179,-0.6720313799640344,-0.5483531668997649,-0.77206441895009,-0.7173968460369287,-0.6776230232973681,-0.8471957143490609,-0.4748483589402213,-0.7647336993413855,-1.3890873551951581,-0.6775226589441384,-1.4755790379925984,-0.9996669144357838
0.21385873967547503,0.09268754531114938,0.20228396310580096,-0.5897288976577171,-0.16514821799540194,-0.2881855253755985,0.1858678753318576,0.6559169843229546,0.6982149789706545,1.3185425920548741,0.29343032145412246,0.21614559385943025,2.034852134712784,2.0209815572084855,-0.04084842529265667,0.16494642505509619,-0.013156354540362054,2.0060156257326454,0.1270613386530162,1.0536897062937274
0.959856772128021,-0.8812317761170333,-0.9164620337449719,-0.6466382209381584,-0.8829258465576534,-0.6557235792289458,-0.6657179720014986,-0.890609230163885,-0.883751358798599,-0.9562270777265633,-0.9042708933827763,0.6603583499798633,-0.8178809409853544,-0.6104609887774588,0.09800447403420119,0.7497085310693731,0.8744119072451957,-0.4715461221235477,0.7493255390255669,0.5792540965565904
-0.32150455420223445,3.6109854045774363,3.03165678233534,1.289683782852974,2.7242807728875142,1.4143139965363447,3.2247180337112624,1.9547786490889862,1.9442507118667283,2.2148474558101365,0.7440076246951366,-0.6686017137418135,0.6815183639865572,0.7834646790350567,-0.21596555423302577,-0.5833435525481181,-0.1688572231336612,0.4175660081239442,0.29011105243111085,0.0528889084909767
-1.883712198632272,-0.45776120643092166,-0.5420602339721323,-0.5395257302783251,-0.35266806515457605,-0.7224942904254682,-0.43487881123048044,-0.8741616880747812,-0.8648505960258771,-0.5505589255647146,-0.906013415951885,-0.36936122073892985,-0.8196311815917843,-1.0837841267404575,-1.0390831826408737,-0.41267638017856056,-1.1785161696365287,-0.973273624449914,-0.7846794144964134,-1.2398521237802653
0.8018807181968937,-0.48017870421158443,-0.4629784266233682,0.4150104415627512,-0.6940098173843762,0.20064528755192876,-0.5241910953279271,0.15938854306655617,0.14922837460953675,-0.39363233632687133,0.7635435974603584,1.514702514399187,-0.005371517645930014,0.006395378966591086,2.0269113740429994,2.1162749330156845,1.219536614159715,0.5155741861855805,1.2625003251618783,1.4417214798204585
1.152938615821621,0.35040912639664407,0.24322777288988387,-0.4493439701074875,0.804904706570883,-0.23170423036200816,-0.07334591784665699,-0.4422103130165035,-0.4567748758705405,-0.7283209409808338,-0.5231005236285428,0.050567464256307856,-1.2822515964276555,-1.2792585354942634,-0.7390388944444573,0.04916793848191953,-1.3042160016156894,-1.487351750840958,-1.4164240044394945,-1.4208637968109536
-0.24251652723667075,-0.8470730276774189,-0.8410545287752313,-0.9529778581744957,-0.8850611920184358,-0.8551948804850729,-0.6720405706942905,-0.7431323679737072,-0.7327024355172207,-1.1996551101947455,-0.6489091476481363,-0.08450996474141731,-0.9220202570679263,-0.6552328219201717,-0.2226415556619776,-0.046783761684144755,1.357642889851489,-0.47406936790020204,1.258864011354004,0.6329292069297208
0.6000224270626753,0.1734963521372004,-0.06862003327013667,2.9192061576550707,-0.39260300609521137,3.4121882152742993,0.00732829353945687,0.22852346879489102,0.23445863334973177,1.8590477051447793,0.23947071223437333,4.108151673650254,1.114623357686726,1.11193776859516,1.2133743290515695,3.4460865987297584,0.8384896134045831,1.2690950565402126,0.9845820555600294,1.822771125168571
1.152938615821621,0.35040912639664407,0.24322777288988387,-0.4493439701074875,0.804904706570883,-0.23170423036200816,-0.07334591784665699,-0.4422103130165035,-0.4567748758705405,-0.7283209409808338,-0.5231005236285428,0.050567464256307856,-1.2822515964276555,-1.2792585354942634,-0.7390388944444573,0.04916793848191953,-1.3042160016156894,-1.487351750840958,-1.4164240044394945,-1.4208637968109536
-0.40926902860841635,-0.3988142083002183,-0.30102248533607445,-0.6372323408258671,-0.47561203599563545,-0.8302825276314784,-0.5560797417144687,0.08438159691801299,0.08061978458630922,-1.1506652964086699,1.1002504143343765,-0.2662468877836786,-0.9722203399159806,-0.8395874289784033,0.8446448355979097,-0.325454259518744,1.474263460750056,-0.805411379097736,1.4986659201483084,0.365862804097558
0.11731781782867495,1.6948403959527527,2.014914628500891,2.6627842894264147,1.2540526229597972,1.5272927564160919,1.026866459958276,2.9755759304954985,3.056134253274086,0.4442955842067535,3.992029683841599,0.4435751299472094,0.3777720623797892,0.42455844799232595,1.7389869323391989,0.5084562576955238,0.7108160290165978,0.4442592923927655,0.734715349618928,0.6151247800742439
0.8106571656375118,0.20749702356560726,0.10407763062791586,0.8334969516795437,0.5222043969061463,1.6234440897253235,0.11758704040736202,-0.4061468532678629,-0.4073814064208286,0.01017147586963203,-0.5946006406035684,-1.3606566894188117,-0.10243031491158135,-0.19171266703090503,-0.42398366541557597,-1.3112458136330485,-1.464315518434369,-0.26902244794469327,-1.6209017219573034,-1.0261117249123024
0.9335274298061664,-0.19940489775450804,-0.07938410048724572,-0.37633672749679353,-0.34151557740942234,-0.2770498869083709,-0.25295872941328473,-0.026937495865166472,-0.046537945834747046,0.025184474634473007,-0.07979650254277779,0.30731831863200026,0.948270943684696,1.035854914888589,0.5386676897468249,0.36497745153536454,0.2421344213096418,1.0009669921683422,0.10900963796392375,0.8217084975591228
0.42449347825031153,0.477680476787164,0.345968272888363,-0.11581999716458354,0.9366618340710491,-0.20173879858148938,0.11737599610674858,-0.39634761928700823,-0.376967289194037,-0.3929524607618081,-0.5439092105740663,0.05322179890695963,-0.6271047148845084,-0.8212982814527852,-0.7784325570823037,0.017822410381442867,-1.399012510165249,-0.7641098298061796,-1.5896034495395253,-1.1578121176814966
-2.0416882525633993,-0.35589267043832723,-0.3348633916535378,-0.31292261219375195,-0.3957508630447919,-0.44210904692828573,-0.4938775934544962,-0.4571792528031925,-0.44785497327301893,-0.77404519799341,-0.534451434699456,-0.6767511393049682,-0.7572589708899229,-0.5716879960231481,-2.186155838748755,-0.7300108696461832,0.9607494768997922,-0.49956743048534297,1.0408799854069453,0.5423360938121442
-0.40926902860841635,-0.29076857114009325,-0.24550261849152874,-0.6761925575622294,-0.4090204636834787,-0.7182685689548456,-0.5117574898628985,0.11870923292616123,0.11488478487282378,-0.9482443961909492,1.0725706440592113,-0.37471142438884264,-1.0710293777880617,-0.9744881811273637,0.6868683825214064,-0.45323748768011346,1.79169924101506,-0.8642428464165764,1.8808035408508517,0.6523046126253876
0.6526811117063844,-0.7897737404339418,-0.8670897937563596,-0.9302700835906205,-0.7100853792200652,-0.8825381011744463,-0.6423749769299731,-0.9105508466352368,-0.9013946903681461,-1.1758845063789432,-0.9313060757504998,-0.2226493445552146,-1.3173359649474525,-1.7047372635302462,0.05870522492967928,-0.2520230661070973,-0.6745325902745913,-1.4683610063113999,-0.7544850230560254,-1.0862453038506554
-1.2430315354671442,-0.42939444807286153,-0.5862281470064937,1.1460490924551288,-0.489112844690503,1.1237686956767587,-0.34867416499071835,-0.8829712692046695,-0.8778964447588162,0.3341263935827331,-0.9288946374194291,2.208356079540097,0.47268283708300396,0.43450774424626193,1.2893943390320077,2.0870529858510087,-1.421682466403752,0.2692257169385154,-1.2651923105369935,-0.8850727357042056
-0.014328893780597865,-0.8562951275990964,-0.8770655432614316,-0.8033450330187172,-0.7836583672825687,-0.8389738233857885,-0.5567211942269619,-0.8384937681166444,-0.8256737551019608,0.03370647924209623,-0.8161837192277934,-0.32824994293651305,0.003777467342225811,-0.10992359929634085,-1.33013496592998,-0.35800118270807324,-0.2745375663947408,-0.11098758088053896,-0.4148143528954484,-0.8032072828099018
1.468890723683876,-0.05263482868311579,-0.0014289081906615265,-0.5323996579129914,-0.1504143933119838,-0.35596415738207815,0.3256661896594173,0.06440281744864158,0.02914369470633898,2.250548327561311,-0.32249580009208617,-0.6140072272827561,2.341382910011599,2.208116114690611,-0.36868827964848105,-0.5426857473930722,-0.4417989848111561,2.092337191776091,-0.2240377463323099,0.8317453068158872
0.9335274298061664,-0.19067517546212656,-0.13122336377377716,-0.5374083009585948,-0.4146040118202849,-0.5403786309236842,-0.26281062278772616,0.14525431821932297,0.11920720463373731,0.34117475107447826,0.022543402192991037,0.14015995195156117,1.1617207412779285,1.1763155678853356,0.32596940752332504,0.12403452693178069,0.6495169184910948,1.2785240276003433,0.5597177476149596,1.4452998205120002
-1.5238778535669262,0.7983231604560332,0.9444922392627132,-0.7397257503785709,0.8379927425962863,-0.4967847084053218,0.9931025312059546,1.1394009705836228,1.0787450968314423,1.0998219107652087,1.3824673243961594,-0.3387040418899353,0.9392810714789431,0.947042814504185,-0.09427453407423937,-0.35477709038251837,-0.45431821437570286,0.8030914023149037,-0.7157193204970754,-0.28801349983007735
0.6000224270626753,-0.11043496196720362,-0.13884712001442115,2.4805305964196918,-0.2657793472154455,2.055507940243925,-0.2429089556791365,-0.3159426029688662,-0.30596172093975743,0.14425343834840648,-0.4441894641216204,2.3274196023612737,0.0771284600298739,0.23566813234774073,-0.5810776264496467,2.292024383355193,0.21027241813861197,-0.03316536903213843,0.30595499116542185,-0.00829198967416861
-2.0416882525633993,-0.2565582057172277,-0.3075457697139683,0.22495819544297946,-0.27403962725904346,0.013826895928820868,-0.41100689954448366,-0.4558318255773652,-0.4461260053686535,-0.5008641952521697,-0.567197750784789,-1.0509563019720023,-0.8406340688689417,-0.6025600770463905,-1.8673956895030357,-1.0472206149547545,0.480281747665854,-0.6566726806844143,0.6161455458121574,0.2588616897602267
1.2494795376684211,0.039472048609752224,0.037330045984493306,0.4258693160249835,0.18302049288961952,0.7561255377817323,0.2765032934577006,-0.1424072379074883,-0.17177023472594186,1.0015832573342107,-0.29373170007706834,-1.145358080870165,0.4145271151148149,0.4558694685561841,-1.5388753491789495,-1.0348135943838481,-0.5297155563928112,0.24824293626949298,-0.6609148766783934,-0.5047213031739546
0.34550545128474786,-0.32313524244245023,-0.26146649905240593,-0.637822096347819,-0.2542436665314941,-0.38882129779651153,-0.30257751921647613,-0.02235747253777184,0.002816228889865648,-0.17304354546476758,0.025364015689591433,-0.6254948553759881,-0.10266898408518513,-0.04876468997067269,-0.4490481536620946,-0.6653548836378871,0.9733250993903049,-0.030907728074080567,0.7817276924207354,0.4372550647239335
0.9335274298061664,-0.4270539404885586,-0.47554279877411737,-0.3467091011501632,-0.35283381576593276,-0.37500954872958475,-0.45810316233540355,-0.6062485397508788,-0.6077059149766212,-0.6134610128443523,-0.5929002298790196,0.32644053954864993,-0.793457128886539,-0.7433133564035496,-0.15459701366658005,0.29981076796316597,0.1294613552287258,-0.837549562147756,-0.035858506774795705,-0.37563920847174304
-2.0416882525633993,-0.10357030645245799,-0.24130607797288706,-0.255519131861803,-0.055686514255397286,-0.11069174873230805,-0.27244030883966547,-0.5337697430392055,-0.5245582766666845,-0.22977128558303422,-0.6741246617584465,-0.7967255200502948,-0.596395947880786,-0.5908550226299961,-1.5126747400327765,-0.7651803504075199,-0.20556901793780347,-0.708996829947672,-0.1276104962484909,-0.3210040554740517
-1.883712198632272,-0.4651041255561054,-0.39779228307170156,-0.5955710101529846,-0.5425264006000785,-0.7315709676659383,-0.39275872872528045,-0.06286024891139108,-0.06091981522105935,0.09947104459388546,0.07012723419054552,-0.399245667520777,0.4400647166904492,0.4169501626216678,-0.17612816506152504,-0.4420791645134049,0.8986044724847919,0.628854641316442,0.6939366876306193,0.9990545532960361
0.9686332195686392,0.8532851661766611,0.8573337505025854,-0.07012363571853993,1.1341536875026292,-0.04515533628166908,0.6943716405413322,0.2527104873780332,0.22251303691957072,0.44354920200225684,-0.18078184281600498,-0.4822071481648204,0.20314578369281802,0.1543180041537914,-0.44502576153708795,-0.4838605043090363,-0.7543285805170834,0.02765813442616436,-0.7366281248923557,-0.4725162369500767
1.3372440120746032,-0.22875318530970717,-0.29727104937592985,1.1119752229398996,-0.4532528403900877,0.8873816210120934,-0.06668391063268414,-0.4060425833054732,-0.4236101278868039,2.075821653628343,-0.5755881840798376,-2.2958836852215523,2.1519591425611764,2.0359055015893905,0.9209745919668367,-1.772396923141215,-0.4317610439891343,1.8111944912930522,-0.37942522744381096,1.0710577501380412
-1.7783948293448537,-0.17246567158949244,-0.22177264654755638,-0.6509194525158452,-0.09806164131509158,-0.39850973445906795,-0.3739700991482191,-0.43312496705425696,-0.43076176785486087,-0.6856589512163618,-0.45320296321302733,0.1612951399031302,-0.7551905047186876,-0.8586081424050451,-0.6928097688222786,0.150068381763111,0.01836729107486921,-0.7945215815353319,-0.04501422546962332,-0.26025954032006904
0.8457629553999846,-0.7323663801317821,-0.7242523445544723,-0.8869009487808909,-0.7382430368907038,-0.7441430280361263,-0.3646053768988463,-0.2811551372340375,-0.2887113366212025,1.8201992114705994,-0.1742047966767435,-0.5021204535352125,1.8214818935107533,1.6572469912189915,0.06820838241958257,-0.4822467837280166,-0.24532603074413276,1.8462543273476215,-0.28423172668766317,0.6220196316506291
1.3372440120746032,-0.1887520395783327,-0.24878906319352445,0.9828770589506769,-0.43805800426050606,0.8148544423020189,-0.06756979119992942,-0.43290042359684855,-0.44942676227698747,1.8681701543108535,-0.6032637838974,-2.112440956141063,2.03111298432632,1.9612857796848686,0.621162880326969,-1.6735723398759188,-0.2779211419527264,1.7296538119843208,-0.22449228555829365,1.1940304826839614
0.8106571656375118,0.20749702356560726,0.10407763062791586,0.8334969516795437,0.5222043969061463,1.6234440897253235,0.11758704040736202,-0.4061468532678629,-0.4073814064208286,0.01017147586963203,-0.5946006406035684,-1.3606566894188117,-0.10243031491158135,-0.19171266703090503,-0.42398366541557597,-1.3112458136330485,-1.464315518434369,-0.26902244794469327,-1.6209017219573034,-1.0261117249123024
0.9686332195686392,0.5565048525618101,0.4760637103190166,-0.62731869898303,1.0432167215810395,-0.6095640401034196,0.5879754045584553,-0.2507573725913962,-0.26419142815929303,0.40449607251443415,-0.630383791864505,-0.30205722360546333,0.15962843770567753,0.08291717221377806,-0.6010320462286125,-0.3180504006558398,-1.691015080819396,0.001363257385238682,-1.49772159171555,-1.0421706197231249
0.10854137038805677,0.2807427325722935,0.24539564659798574,2.18872851691442,-0.0943977100043885,1.9263404629700258,0.487340762231545,0.2516128543434867,0.2832233871978563,2.523427492477428,-0.23462155870566334,1.7879656871347385,2.1895097592082156,2.1323258873444497,0.22691808680989395,1.386419044446547,-0.3577171321952169,1.98410322819854,-0.1615061356718934,1.0435656204347303
-0.058211130983688804,-0.4896782454182378,-0.5523867937969034,-0.7228309333164981,-0.4082394692774249,-0.4978519186746883,-0.49962307444679344,-0.8208735534405383,-0.808619844408902,-0.6775726054856787,-0.8957875393230746,0.25480731100898935,-0.7880472942848468,-0.6438203938641867,-0.3744994070151556,0.20952948517466144,-0.3746350099851433,-0.804481762232653,0.6439373727723431,-0.5577854773314567
0.6000224270626753,0.10327063990839902,-0.08943604509997208,1.186937735873404,-0.15050513474837063,1.913091963767487,-0.08615495890633966,-0.2042876637215877,-0.19746898494082776,0.5244242373880179,-0.14506216454762982,1.9239288602644318,-0.21579817237351032,-0.22638889073947635,0.779103191249057,1.8347043427854162,0.39642546675378,-0.38190449584766106,0.44699201957084495,-0.10176523066542617
-0.207410737474198,-0.43698899999139523,-0.422924155618089,-0.15550031102529366,-0.31635210620630977,-0.014712893850448673,-0.4861396183665878,-0.47955674402704623,-0.46628419934455023,-0.9004099669790069,-0.31544202852628395,-1.0092220089404478,-1.0757232048689414,-1.0093107180161403,-0.40456815398731394,-1.1904302583824633,0.33862271763819435,-1.1905383660608018,0.10810055951195537,-0.4771418968684107
0.4508228205721661,-0.6801477364194262,-0.7262439193184707,-0.8653534046312722,-0.6796802556327248,-0.8040900614497299,-0.6054088195061894,-0.776695960613459,-0.7634702052699052,-0.9350397318003514,-0.6568732068238365,-0.3613885576361352,-1.1122395884303629,-0.9774144447314626,0.16341043094072158,-0.4073232650579172,0.6867926425549008,-1.081507588027465,0.5487438720161952,-0.18572532201331507
-0.058211130983688804,-0.9062305263179441,-0.9667462688417701,-0.6357135905272426,-0.8333457651688723,-0.7268951852988909,-0.6590354185085588,-0.9588194575420519,-0.9482340026864091,-0.9573280722554912,-1.0203513754236433,-0.7419533052157935,-1.1766007089122577,-1.2647735306539754,-3.6582091386472024,-0.7854722064814319,-0.6841757806148495,-1.125996395142164,0.5839381949424107,-1.0433052155521503
-1.1289377187391079,-0.9132504360401252,-0.9475844952538631,-0.8060382474641831,-0.9477983883767728,-0.8447599356290454,-0.6908668070177336,-0.5767227569264627,-0.586368879247748,-1.2541746683292172,-0.44685139517153744,0.0247292357610621,-0.3776954284682649,-0.29266876137231707,2.2042802145342466,0.12964926990278391,2.18870543981869,0.7770621300925716,2.1269040646337967,2.367115293294127
0.9686332195686392,0.6683294174566871,0.6624738122420946,-0.23209099683721143,1.0715333874652846,-0.12326650407792386,0.6148351095841237,0.026356231545339982,0.003287765591056215,0.46133340049605953,-0.35498886847614086,-0.47343374145744405,0.1572417459696371,0.11393556641722595,-0.42915532462842143,-0.4638135319030611,-1.0253529827117196,-0.028517284706723517,-1.047338152940217,-0.5648548821123076
-0.207410737474198,-0.16335245124186065,-0.23262720942038395,0.05013148689601035,-0.5580915067394365,0.19962389186483306,-0.3008615731914291,0.18129656951077883,0.1975608864815699,0.6400321632748937,0.3603266146046715,1.102291546502211,1.107224613305001,1.08443089071663,1.9890825773058227,1.1638913716718133,0.8179625883528042,1.4056159332981553,0.9677641041986081,1.5622504675038629
0.11731781782867495,1.1156696158350872,1.253095385134613,1.7803621325594112,0.5954642005931574,1.7581793862328365,0.5359072792544326,2.7065638340702654,2.7805996408783975,0.4859392415407035,4.363558063738376,0.7979442604505661,0.4075261526890957,0.445188606401223,2.3595397701274368,0.862909250758524,0.7302151955490476,0.5821081932436812,0.8178960279740602,0.8073078581907219
0.34550545128474786,-0.1313039502503264,0.05507791991637499,-0.36827427286778275,-0.22587474706468555,-0.46321070452712226,-0.008720761967666364,0.1392509494367351,0.1682863162826555,0.666691363154853,0.14606279538573722,-0.5086857783607147,1.3131165537341036,1.3113626332144996,0.6557984764906301,-0.547663374222879,0.07165860611314016,1.3271297094032672,-0.08144229772351097,0.5627588187346039
0.8018807181968937,-0.44727328064654154,-0.4993091924264406,0.3091967588904288,-0.6862243145156814,0.13935076642447863,-0.5120755306752001,0.21097485381217654,0.20078305393970544,-0.087903468910452,0.78342283962004,1.6041124441435766,-0.16217716470379773,-0.20985550137631862,0.9252851331711719,1.7414488745940206,1.7701007503699189,0.39724723950141017,1.8685309817492735,2.0351150984008113
-0.40926902860841635,-0.4776188244484636,-0.40631585661007036,-0.5070367327275823,-0.48983456218300386,-0.7622990774924941,-0.6007162431633596,0.1100330491951019,0.10502180887292108,-1.3638521944851958,1.1273277340313235,-0.06328301485687449,-1.4547298525521901,-1.3527077519571475,1.3299879328011184,-0.020442651105351827,1.9087145623953914,-1.2339647539011196,1.7474287451120205,0.365862804097558
0.6000224270626753,-0.3121775214589468,-0.3551402281321415,1.5450538484764373,-0.2143202438536819,1.156679735599747,-0.3252020158621709,-0.5805678221345214,-0.5702973366821695,-0.2954198008878774,-0.6516736798157327,1.4980269563901432,-0.3752291803410231,-0.4404450733793128,-0.6541805911733009,1.512196319553637,-0.5891537003614238,-0.5581332929855879,-0.7277321428980901,-0.8780906075255872
-0.08454047330554337,-0.9142408369062602,-0.9134441935559127,-0.8666467268611064,-0.9812802366174301,-0.7650802921338734,-0.6879201272983012,-0.8469660634216517,-0.8351437838508714,-1.0466852621167446,-0.8534006744095592,-0.9040879475446895,1.0274295529300432,1.2506426634294474,-0.0003195807685975134,-1.5215669774213914,1.6749094913385947,1.9782599221894448,1.5334057038485402,2.487993387386463
-0.24251652723667075,-0.8171271122380132,-0.8330343792179338,-0.47606202372588713,-0.779326994781253,-0.6199747301805978,-0.6448770103190413,-0.8451393009304513,-0.835065194400673,-1.1538156109081703,-0.8292094755306874,-0.7998608804127458,-1.1690428517481293,-1.0495468425724999,-0.14413981851986277,-1.0558589386667967,0.06280491673641168,-1.0765938988834536,-0.14923357657031688,-0.7411536186224275
0.11731781782867495,0.8073585520711063,0.9038114254953729,0.6261930948184133,1.2257188201479372,0.12450145181788995,0.4579051372492883,0.35462787966472825,0.38947632386613074,-0.07897650079793626,0.36252307736652717,0.11578605072355996,-0.38939021797486384,-0.3810419222161051,-0.6794779120709434,0.0801974201391615,-0.34525429555663606,-0.565304623087659,-0.3620228685061251,-0.8225826885055675
0.9335274298061664,-0.4270539404885586,-0.47554279877411737,-0.3467091011501632,-0.35283381576593276,-0.37500954872958475,-0.45810316233540355,-0.6062485397508788,-0.6077059149766212,-0.6134610128443523,-0.5929002298790196,0.32644053954864993,-0.793457128886539,-0.7433133564035496,-0.15459701366658005,0.29981076796316597,0.1294613552287258,-0.837549562147756,-0.035858506774795705,-0.37563920847174304
0.8018807181968937,-0.4591334923215802,-0.48263810507457783,0.42418774843851764,-0.6540650437803551,0.32728757285007937,-0.483262402130531,0.06740112390105635,0.05916486468213843,-0.07995740641517408,0.6107904993938954,1.6834874820809722,-0.047138623026640555,-0.023598822975422495,2.27657507282642,1.9907463090175763,1.5378182883142155,0.43828318397437194,1.5282759040124316,1.7875113778665448
-0.909526532723653,-0.640556703750291,-0.7002799336315997,-0.6151277362700489,-0.4119031196548885,-0.6156492946191504,-0.5786946550111836,-0.9019640298348065,-0.8960899024797522,-1.2158450341456815,-0.9088500332618433,-0.5076097489572118,-1.386311356119026,-1.7657498596757082,-0.7081776201274652,-0.5796338789322953,-1.1471617027991967,-1.6618541166580163,-0.9170801976081354,-1.471571502708172
0.9949625618904938,-0.7056848356253413,-0.6934487405781993,-0.7023835395830617,-0.7560617894780348,-0.5635257748721396,-0.6047293495323584,-0.16044746785818303,-0.17998283227167755,-0.7803215938039529,0.6015109699938069,-0.8718669521748053,-0.5046674288256251,-0.48594847242305034,0.6422018179487223,-1.083501072219859,1.662108297144216,0.06736605480615031,1.5165877524871199,1.4599622896871
0.6000224270626753,0.13769916773703805,-0.08832663539468184,3.162955194216434,-0.374763464448151,3.526872894599776,-0.11059186693604435,-0.04365438622241075,-0.03404222325319702,1.3126593124126449,-0.20090358425959493,4.341630735908714,0.5622633335757279,0.602767901481949,0.3309910806800661,3.6734081309322058,0.8055561446401909,0.5147773717297939,1.0351008438194305,0.9913742122995555
-1.2254786405859077,-0.4078677465109657,-0.37811048346020515,-0.48223788971819875,-0.42763369547236385,-0.597479770285644,-0.2951260967942209,-0.45218857254124584,-0.46687362022103845,0.42501054357447077,-0.6421664343199696,-0.5227398428319606,0.7990231537909562,0.8525245000917911,-0.8155451426580034,-0.5208513335134383,0.014701750887051732,0.7405414675357294,0.08452945393591074,0.31716246005169235
0.4508228205721661,-0.4365579175297103,-0.3686718982917933,-0.04369618097012854,-0.6775403871467851,-0.31744487359406176,-0.4607598562333943,-0.2850242075142267,-0.26595969078875764,-0.0786913569470845,-0.06432388408721493,0.6100718447951533,1.2097728015635454,1.368278460314226,0.7599423231932249,0.7630917374755422,0.9418578467010402,1.7301850216215109,0.9131544629053491,1.9573516458114457
0.9686332195686392,0.7327220073204062,1.1072074502737888,0.3138113782479812,0.6487985333291693,0.8552709887911311,0.5644130034510526,0.9947220769640374,0.9390130543786376,0.361327609111196,0.5235713314999881,-0.8166011547324133,1.1354671321814813,1.23206088954342,0.15122212183171627,-0.9289187800904267,-0.18554952921972245,1.0539551534780864,-0.441372430527961,0.23582066677078556
0.16997650247238408,-0.6547743598322615,-0.6427407847111813,-0.5855469948656946,-0.668765718341502,-0.7359476077605118,-0.565050809474973,-0.3234293430421774,-0.30046045942586747,-0.7042619622223856,0.10017279622240455,0.048858760472827875,-0.6659282337907689,-0.5879287590258973,1.7808723525095769,0.07046360829209236,1.3798053097562948,-0.37765481875013807,1.219903506269632,0.5809123519990116
-1.4799956163638353,-0.019208799451061548,0.207385907073755,-0.17117568072757713,0.01322697128195202,-0.2814642566589321,-0.4648932283665151,0.15135636418803738,0.12250796154207128,-1.3296314320334872,0.6148789445008584,0.12240836453901435,-1.15909830284796,-0.9136218981621064,0.7747700710396906,0.3107777888456914,0.68555199818364,-0.9783201160032228,0.4077717777859112,-0.30913443757039977
0.9686332195686392,0.6072209581523341,0.8393919253875834,-0.25762171306408865,0.31043074037364476,0.38082864967205693,0.4967408691540745,1.4374288502407164,1.3637104432509417,0.9200924297039741,0.8678586912047781,-0.7834074828730071,1.4779573963033086,1.556437210057784,0.5055137714293808,-0.8159265254724426,0.25284907724326233,1.5466520919722158,0.1591388211724819,1.078476261327823
1.3372440120746032,-0.7104985225712097,-0.7803268045286313,-0.8743640176171058,-0.49505233524186676,-0.6768467966312037,-0.3832561536867346,-0.7311618176533071,-0.7333704458439073,0.3100324113298455,-0.7518428229689524,-0.4837246007616814,0.0334520012603308,-0.29135194275047255,0.09769263620668316,-0.47793766838144924,-1.395967292163062,-0.28004504791639556,-1.812782209497832,-1.411961583383215
-0.207410737474198,0.19767447295595128,0.11607534356162255,2.663675176473094,-0.2861818428072647,2.3787729377711315,-0.1490825982775525,0.32488259273333797,0.3400042649662204,0.2880792966483702,0.23056957926164193,2.298054817894583,0.75630137171583,0.7932676621087881,0.3850364261440512,2.6839240659890624,0.6142149468361127,0.9321753441521788,0.6512100003880911,1.0201754910363572
0.9335274298061664,-0.2729538565377954,-0.2223839949772994,-0.7388957186703842,-0.3189692802663091,-0.5571818027153502,-0.35893572020617076,-0.2929093116642785,-0.30399698468479674,-0.33933383872266376,-0.32569033436743994,0.09341255963438697,0.029792407265068585,0.17626498118453302,0.407001188336937,0.08730951162334437,0.5349828858532859,0.13097840885970394,0.49686146607884124,0.5137966448820406
0.8106571656375118,1.093047263152145,1.2380395893758103,1.399097585429857,1.1798744485125738,2.205432118261916,0.581540870243347,1.1673265412233171,1.1314786179145875,0.007299573779745895,1.0916259583573624,-1.1199438890967663,0.04498767798452704,-0.0963164735372804,-0.2995546527903748,-1.2285596919916313,-0.33984057466386064,-0.08044302674208932,-0.5630590747414814,-0.37476644244941526
0.4683757154534025,-0.40425052510655596,-0.37872697114940873,-0.364370168844503,-0.3863623551110096,-0.768928717044619,-0.29236535510730505,-0.28730253508852416,-0.2692211529719924,0.23032783894659103,-0.07709788461799179,-0.32533964078861866,0.15445727227758974,0.08218560631275296,0.12504938431179147,-0.35223657930438385,0.4889098653387165,0.027259727198272462,0.22517687729049196,-0.005673691607186518
1.3372440120746032,-0.45301405700252545,-0.5124726234734402,-0.8251366568132267,-0.588120460718969,-0.6837944432837962,-0.40344816467595845,-0.6103466108345356,-0.6182369013032105,0.5893282552919109,-0.7355552279490665,-0.5258153164592078,1.022656169457962,0.992985153088539,0.1250553171694461,-0.4836507834241879,0.34742001408895695,1.0254026354791,0.721793448765945,1.2703102330353708
0.81943361307813,-0.35665160139519436,-0.5597229749538195,0.05491287328693131,-0.38268887207016045,-0.029670007474145,-0.3468399541205672,-0.8469868146220864,-0.8405664559145629,0.34213384682210385,-0.955108570592944,-1.2327540776645516,-0.30601511999584535,-0.32602816645904487,-0.7581612202667486,-1.0443351737187052,-0.930218116606362,-0.3497663127976401,0.15576224406516928,-0.6119842473179834
-1.2430315354671442,-0.48180947827618115,-0.6810879277913009,1.3957139700949328,-0.5493772385806649,1.5425409273859787,-0.3712015644082866,-0.8990312036377278,-0.8932213875475096,0.4972650260528814,-0.946749178660042,3.1066715963253677,0.6540714090220903,0.6882147987216377,1.8595787945819924,2.8212054316298967,-1.7122752139087378,0.44731374780660815,-1.6798619529849854,-1.0728919837090467
0.11731781782867495,1.9521333141226525,2.3022953141534446,2.5497498867829784,1.76504827297719,1.7719641855454857,1.1251568676885524,2.4217416595502526,2.491193990522687,0.16346981828005933,3.0353999835104553,0.3956947192365801,0.16949343021464558,0.16646199811080165,0.6172261091548779,0.4663107319321914,0.39986543523773227,0.04080557294662814,0.3629671969388843,0.11694993452980293
-1.1640435085015806,-0.7867997150317654,-0.8006387220392049,-0.5813921551448765,-0.6294361885321781,-0.47345969607863864,-0.5489234021915742,-0.8267994117604337,-0.8246520922493813,-0.6753307662956919,-0.7844017717088533,-0.8281071352122402,-0.439192518866911,-0.6724977771843557,0.4245787516826978,-0.9739530959262929,-1.0546209112882936,-0.5251982954797811,-1.3936970431402782,-1.3911897520518235
-1.708183249819908,-0.4037775038459793,-0.34542144160009747,-0.8745250063190549,-0.31495783453823595,-0.7017025550008166,-0.19200841927775883,-0.15023292544404943,-0.15911733324399496,0.4000999028705585,-0.3658258588717378,-0.36771433552082167,1.0450115153855422,0.9986913671165311,0.037618952493976066,-0.3951079653757547,-0.3122644338662787,0.8070754745938321,-0.6236426601476783,-0.10246344348328827
0.6439046642657662,-0.6365253367068254,-0.7496845286102072,-0.653792672956539,-0.7237457579950186,-0.675105842504914,-0.5507374985600202,-0.8593600343999971,-0.8499971899383743,0.11203487577860272,-0.8998860546220357,-0.715726778856806,-0.4324302256147953,-0.4822906429179269,0.341960038152535,-0.6474691665781648,0.564871136615491,-0.4026216716980879,1.1059440288978462,0.6432278459931835
0.9686332195686392,-0.3559886457665601,-0.5089348019500041,0.032454181358947815,-0.10547884070668688,-0.297749993168481,-0.18304704017776188,-0.7810671668495327,-0.7776948957558206,0.3578070653435923,-0.9385569881344721,-0.7002489555518409,0.3314702427006014,0.3639847913874783,0.7608925194314134,-0.6320205652701149,-1.8650436503517829,0.06988930058280371,-1.2365563392999805,-1.1935955245969168
1.2143737479059484,0.0400700797516406,0.0784128392200748,0.6700484359881914,0.32988677188129306,0.21572098009444368,-0.26238337392166405,-0.19659182984404108,-0.22363927185690424,-0.8253654367361669,-0.17443685273428286,0.353542184973682,-1.0998287914029514,-1.052912045717214,-0.4046756710263939,0.39174260853402076,0.011092603625200148,-1.176461310675256,-0.06644250326602744,-0.7844428133298639
0.81943361307813,-0.9051010015516396,-1.0056645847494148,-0.7078341152670916,-0.8490499613551503,-0.6564566125452782,-0.6340475837551871,-0.9389578433105046,-0.9302370185909691,-0.2618888765342648,-1.0180782119482124,-1.099729218220187,-0.19384060840193673,-0.08022202371473647,-3.347827635612466,-0.9465901716151343,-2.0044469633407846,-0.39877040182845774,-1.5320717703649371,-1.7501584170350555
-0.4180454760490345,-0.694084321897286,-0.6697929527273098,-0.48836672448136303,-0.6714741957043673,-0.5912786318265224,-0.5989994546460945,-0.6063658782744952,-0.6020474745623344,-1.0158757248269308,-0.5103100784066672,0.2741410673290207,-0.6786572563829856,-0.5681764796982294,0.06567739973464361,0.40068023450687473,0.9401660589220474,-0.5672966592271232,0.7867276239065639,0.08299933626126951
0.5649166373002026,-0.33855299338501427,-0.17292398537494325,-0.0721175257753933,-0.41356652536648736,-0.8754718756030352,-0.5435727341149454,0.1331140176811975,0.14746011198007214,-1.2310965951880057,0.5973511856049015,-0.18844242777276102,-0.8824011742496521,-0.705271929550264,2.2471284649418473,-0.2069196805187363,1.0503014433344742,-0.6615863698284257,0.823999840437279,0.22168185720908287
0.538587294978348,-0.8609995317132373,-0.8834826907591617,-0.7342117593357995,-0.7654064718264414,-0.7249170733349642,-0.681364063480744,-0.8468327907704483,-0.8359296783528557,-1.580100552036877,-0.7554022928388882,0.1666801164960646,-2.0595175384648803,-1.987853267226816,-0.5055780860105105,0.3102750447684398,0.09342627553618064,-2.156144684063716,-0.2661150918234307,-1.3180519593807944
0.42449347825031153,-0.1916768675433477,-0.09913002911896733,-0.5200727215530664,-0.2978714749065102,-0.32700395143608885,-0.3369751074282738,0.9940263517460457,1.033516868242247,-0.3408858398145544,1.3215335561032662,-0.6739200421939565,0.01642693354324095,-0.0017981591248854803,0.9557613266121896,-0.7750619296644723,1.3429807291002183,0.3689603263210194,1.1854883934451048,1.36640177209361
-1.0587261392141623,0.12750844286403448,0.24814202216449577,-0.32986255875564435,0.03435989329669948,-0.26636700431299576,0.19445961097119938,1.2540427535642475,1.1594957569103268,0.8031969137370463,1.8161606851646928,0.16175105182274727,0.9618750865801274,0.8930532510085613,0.1710675306865813,0.1308841533564825,0.5252269096610935,1.0300507198045168,0.3769929787692585,0.5851889055084161
1.0563976939748212,-0.8599325118875888,-0.875009839477208,-0.7099543971808138,-0.8164888999005657,-0.8789133592241991,-0.6802306271063869,-0.700002847990966,-0.700991592362155,-1.500201575630662,-0.6662582193307122,-0.2358389150263391,-1.5864752363816315,-1.2993034411823425,1.7786435187407343,-0.2840848266107192,0.8810662725092335,-1.419091312461987,0.6070547612924707,-0.5603164987962056
0.81943361307813,-0.9199445135555326,-1.0168990282748032,-0.8632048893513745,-0.8660115585351752,-0.7688963773394868,-0.6481172248583836,-0.9474096223942404,-0.9384889108618041,-0.2199649219871538,-1.022290602238493,0.36786670566842944,-0.39472049618535454,-0.32983230914437395,-1.5187434985419228,0.1453988478898879,-2.4859297652421186,-0.8524234319890913,-2.2878406348266003,-1.9206096211955834
-0.9007500852830349,-0.6478278430081407,-0.6593490837191999,-0.6171862119806147,-0.7634253306208687,-0.6623639986827814,-0.5693627899583135,-0.3298592616067811,-0.34961816052498407,-0.43979144444343854,-0.06893496388850996,-0.6576694868218438,0.3032277238241208,0.33179589174239044,1.8966555695996181,-0.7444384944309889,2.0154663712498335,1.117567507531643,1.8244406768287948,2.4129355094663123
-0.207410737474198,-0.21544003620767985,-0.32038408673857166,1.2499829888302711,-0.5629210300611893,1.2116248946195514,-0.2869689818278489,0.20377240586526177,0.21893721693554227,0.8096240938313262,0.3270567483908831,2.384335182767025,0.9876513573293665,0.8857375919983144,1.6208158467492269,2.558909906995902,0.7325273055136708,1.211193206086456,0.7667278979632537,1.5344092313916209
0.959856772128021,-1.037412266447434,-1.0985853452843595,-0.9517119793617316,-1.027974487489194,-0.8830258917268587,-0.7160065115245557,-0.9889557448112679,-0.979080361889292,-1.3282234837840954,-1.0587547071194228,-0.005212200010737088,-1.616467995864542,-1.5591556492263259,1.2625158475457525,-0.020542278990768856,1.1638204033048873,-1.5414023314250849,1.0193867734354003,-0.003229946744670106
-1.69940680237929,0.2855935192248732,0.41543273821791327,1.311859409684845,0.09563368031670004,1.3270264374087952,-0.2080561057350277,0.45857175629799063,0.4383982566146521,-0.5263892819123092,0.6234802084616241,1.034155896481477,-0.3208921651504983,-0.2838899705600211,0.09584329191559353,1.221903684699211,0.7584680514582266,-0.188544187910343,0.6434828335463584,0.25903624296469363
0.538587294978348,-0.7168462017380787,-0.7552175000346577,-0.7288674610638242,-0.6175850198201697,-0.8071434686093062,-0.589328697098527,-0.9139144930657662,-0.9034773107984044,-1.0402610438566098,-0.9192316085484543,-0.32487503563324616,-1.3271214010652188,-1.8586587291058487,-0.2263078055979875,-0.39935429003823564,-1.1446804140566726,-1.4245362112431887,-1.0309098066296414,-1.3242485981393182
-1.3834546945170352,-0.5866000194300192,-0.5742232837987549,-0.5723533087928674,-0.6944441401727788,-0.801570259424837,-0.6391561722241212,0.15600892803273245,0.11924649935883652,-1.327835752768772,0.7431392115821664,-0.053137042815227326,-1.1715886562665725,-1.095635494337058,1.776983769800019,-0.022354836738062062,2.3314923283656763,-0.3915990717263866,2.3288493493211204,1.4785522059626717
0.81943361307813,-0.3695917371416944,-0.5664878045263596,-0.4190064867175057,-0.39602645855282753,-0.3490245956557686,-0.37262642937200857,-0.8507450944949182,-0.8442208653487898,0.2054120823473381,-0.9508064636616022,-0.8596761379004687,-0.43410090983002464,-0.4028425860666411,-1.0400314154873205,-0.7574658869606684,-0.9280187924936698,-0.43011177042269305,0.12258088056831423,-0.5697423718373404
-0.32150455420223445,2.1764893546283415,1.9411595518599647,1.6725743085578713,2.8278749049854888,1.9457469810248433,2.6662215174653237,0.6723715104645646,0.6705514925008079,1.500135336050856,-0.0387603537686857,-0.7589263650706891,0.28007681398452716,0.2574687961982777,-0.16058770601277392,-0.6768619044035553,-1.266376348292218,0.0046833176176787165,-1.1585054607809566,-0.9965249567554053
-1.5940894330918718,-0.7956838850162192,-0.7987993140444518,-0.7504468226079671,-0.84345155184997,-0.6484228907953253,-0.5798431825273959,-0.5535623260175593,-0.5563477092719485,0.08225309493704447,-0.395024843564452,-0.8869873868987147,0.9092883119960338,0.9293389196993894,0.5126953889142837,-0.9487296595242372,0.8553510982685445,1.4466518777711161,0.6484827650321859,1.744396736363577
-1.69940680237929,0.3399820925221933,0.46076949761045655,1.2861597321215286,0.17519537843414304,1.4527362612089645,-0.17143423275613676,0.7211637356929474,0.6934210225085504,-0.5264810987707987,1.0419544356846242,1.017278462219891,-0.44722771437824793,-0.4650256876537425,-0.027153767893374096,1.2303699619368567,0.7179215376883676,-0.38827901149394656,0.5795876052079888,0.054983546944563616
0.5561401898595844,-0.638326285513079,-0.656574330502625,-0.7344629338939519,-0.4965584183392966,-0.8685700435327132,-0.5445567650255898,-0.7269741228857269,-0.7160807668002532,-0.9305644004075145,-0.7487690975272532,-0.2308393385518946,-0.7660101739220717,-0.8536334942780787,-0.3957846222532215,-0.2632173892660154,-0.4594499706386472,-0.6748666107581868,-0.6390320596560056,-0.6387781642034327
-0.207410737474198,0.2257593541945376,0.03689678406736183,2.3503908699062728,0.1966628919372393,2.4413826069072955,-0.16648985655164697,-0.5429303154485322,-0.5316706219096422,-0.3088632968136082,-0.6887931199104256,1.759270281821215,-0.6465960307288401,-0.7806232173558105,-0.5344763527275324,1.6765350281764095,-1.0713132173743556,-0.8289174055434126,-0.7923416471630053,-0.7661147268609899
1.2494795376684211,0.11047887096791127,0.23172722744747037,1.2711485048152917,0.030818448878456434,1.218106310523153,0.8137159287998645,0.5793011880104866,0.516830527912683,2.7996427596712214,0.12551925720173637,-1.4473948980410387,2.7592926329923095,2.7758112538858004,-1.017979751868644,-1.2435461538648058,-0.87517862086313,2.4910100244875135,-1.0056504124999381,0.49442123918637376
0.34550545128474786,-0.28590084766488366,-0.25392340684068637,-0.7229110985220121,-0.26329027871269817,-0.6955741808782426,-0.07544751468450146,-0.13957671610385197,-0.11491076750737929,1.033021780493326,-0.08157686476851031,-0.027613702637344185,0.848189003553393,0.754640982534683,-0.15214938976581066,-0.08546366029047008,0.25544315183771826,0.6466501641623198,0.13465863714446796,0.21548521845055837
0.9335274298061664,-0.24261194205500827,-0.15810258453675466,-0.6043869884564527,-0.42843182680603253,-0.7000936546704837,-0.2718210770594226,0.15120851466341037,0.12502282394842096,0.2111074201501954,0.04745877598729854,-0.02220457816731142,1.0927453501063538,1.134177371986312,0.15475515990628574,-0.021521395057955653,0.4449797760108719,1.2512995336943338,0.28433191084359494,1.254164061622315
0.21385873967547503,0.21038918765840833,0.32628133401740606,-0.2064066793953896,0.03642166234203387,-0.5737505116448071,0.36132393560631454,0.3447353399036788,0.3809493685196013,1.409958256646784,-0.0643249012516718,-0.012772417372691807,1.8306308784989085,1.7930256224491816,-0.4714947577978837,-0.057226271052268726,-0.1323710000333841,1.62141984840677,-0.0650788855880744,0.8391638180056696
-0.32150455420223445,3.9078927443620075,4.1644881040019115,0.23540454092793175,3.3370832577326244,1.2832357816842115,4.823319636402261,4.712119134998564,4.701365098453074,2.5585763860470667,2.536275225774235,-0.5406112037149152,1.7110576225232748,1.7226489827706024,0.24670604511509575,-0.5020672910667203,-0.10767089846008995,1.3365586804633982,0.06530893809428805,0.3632445060305759
1.2143737479059484,0.03714404201358074,0.07529018048262646,0.6357434332161883,0.30331273488221056,0.1867446042958881,-0.25833003854925485,-0.17298087175228322,-0.20108409964995544,-0.7657167896357996,-0.16088930932781065,0.36008336192208584,-1.0843948515098891,-0.9959962186174904,-0.557339964196315,0.3808718667004278,0.09630231476046842,-1.1464479661739955,0.05329611569327341,-0.6335415680694692
0.9335274298061664,-0.2693551849867416,-0.17708745587618654,-0.47888265403632135,-0.30626070330707894,-0.42619791200318596,-0.3462144036486892,-0.32108805466094725,-0.3313461133538496,-0.38362591429739035,-0.3403307518201968,0.18515131064614254,0.10895101651041551,0.2924376462672593,0.05641403213181893,0.21467915847886496,0.3564992751695514,0.19897324242007977,0.27361777194539244,0.41063570104294994
-1.2430315354671442,-0.592054482832031,-0.6152917764862723,0.36171301428001634,-0.700688724222335,0.6247347057799865,-0.5262723670410119,-0.20153976068249316,-0.22764733381702407,-0.30927095289499656,0.335396661082798,2.3280445494205786,0.09128949766371462,0.10120631973939626,3.824944257304314,2.807572318301064,0.7319069833280404,0.20614457252215093,0.49627705850257564,0.27369871213979147
-0.17230494771172525,2.2420655057877052,2.3880762579320787,2.006820060924144,2.1394592387053413,0.8159405173993789,1.3660317115113727,2.2167112293208118,2.2496100206127196,0.3708981030060886,2.725381511062361,0.168206262328681,-0.39861875935422053,-0.33392907819011225,-0.07626139653879592,0.13689573345091166,0.025698371450504163,-0.5024890834898902,0.026802972235900818,-0.40033848690360474
-1.4361133791607443,-0.2985534606843665,-0.23823950419737788,-0.27259051717762656,-0.3401463087996718,-0.6199423904754654,-0.539699270831083,-0.35663143747704606,-0.3717017960307423,-1.2039581166918834,-0.07710581875074238,0.036342432815205626,-1.0534474153325626,-0.9237175075962458,-0.6888554551717986,0.08878592990849525,0.9786260344311484,-0.9586653594271771,0.896011840668225,0.12183742425483576
-1.2605844303483806,1.0120924770453368,1.20795704584646,-0.3121896418247231,1.1354791305270042,-0.09315284864888189,0.816925824150511,0.9436278239270601,0.8680860755745564,0.5681812980131284,0.9331248956788232,0.05168985758383965,0.45518043101870626,0.49625190629274957,-0.8452871983172924,-0.005072747454690083,-0.18853835429594282,0.3592657504422948,-0.2434530646993554,-0.056730503913335444
-1.3834546945170352,-0.7780748318315637,-0.8722558667445389,-0.42395303098621,-0.7445196473295729,-0.20548750940141028,-0.5705758734407312,-0.9048868195183948,-0.898251112360209,-0.09792281530711064,-0.944349632986915,1.4553431688310812,-0.05588982605878941,-0.09690172625809985,-2.069365700472158,1.1533358390723343,-0.7475614294011115,-0.07088125327266111,-0.19325894731565724,-0.5851903304325342
1.4513378288026395,-0.8005120892386272,-0.8175792853436519,-0.8093256060377421,-0.8174651429081332,-0.6262836676568272,-0.5473547869931529,-0.5182110649778664,-0.5284877491766059,0.46249928611852414,-0.3731843819500041,-0.9181149663935853,0.7698259582200597,0.6097909341317868,0.32196396032269886,-0.8932206017690829,0.8329067137339068,0.8575403901269228,0.5831589848407234,1.1228127752620523
0.6000224270626753,-0.11043617174024845,-0.20015848537888983,2.154027808155345,-0.15379486298394296,1.9703817514093855,-0.23977046154396703,-0.47255010040643625,-0.46266908463542256,-0.1322057762758603,-0.5399561879847287,1.9331601107215928,-0.2800001800730026,-0.20429560052853013,-0.8758565675011889,1.9754002658268675,-0.27904900047205466,-0.4103242114373492,-0.2900108682751791,-0.5575236475247585
-1.5940894330918718,0.26418295587529333,0.19859643271981814,-0.23441330092030369,-0.09624372232171939,0.5432170890431283,0.0886927166751814,0.004584979758383516,-0.016202418058153895,1.0909498712131975,-0.04321322588800225,-1.2431569831185252,1.2912385461537315,1.220209521946821,-1.0217259459944898,-1.0941273489900758,0.32897952729793617,1.1671028061996487,0.5591333400386941,1.1026518801462901
-0.18108139515234345,-0.15537440126807653,-0.05484525379339408,-0.4189979289355302,-0.10330891236411122,-0.7746663197301774,-0.36011994833012156,0.048747566126580266,0.0641552947697386,-0.7838022874394264,0.07493524294704217,-0.28027294071749037,-0.73474451217994,-0.4759991761691138,0.18168696174657475,-0.33551081548201706,0.512594894244615,-0.5888106495333357,0.3484219417073864,-0.11319846555791299
0.9686332195686392,0.6683294174566871,0.6624738122420946,-0.23209099683721143,1.0715333874652846,-0.12326650407792386,0.6148351095841237,0.026356231545339982,0.003287765591056215,0.46133340049605953,-0.35498886847614086,-0.47343374145744405,0.1572417459696371,0.11393556641722595,-0.42915532462842143,-0.4638135319030611,-1.0253529827117196,-0.028517284706723517,-1.047338152940217,-0.5648548821123076
-1.5765365382106353,-0.5223433274050167,-0.5351162006566631,-0.386096036690329,-0.42454848663521133,-0.37024752714885123,-0.17019745418008722,-0.5488328745410428,-0.5513965739094476,1.391099450873707,-0.7020986386588132,0.40551710972510924,1.186621891723951,1.1079873127296254,-1.1239240287984993,0.23369510785214193,-0.9039390131060069,0.9349641947474305,-0.9707807604494272,-0.28836260623900994
-0.32150455420223445,3.3362358646265453,2.9515200861207807,1.4347893877425035,2.797149236571779,1.6186928480463008,3.2434160953748865,1.895374902295184,1.8855050978434036,2.0608428505849927,0.7070401874264653,-0.6893225241223747,0.6266244540576233,0.7423506753974671,0.06507041290941318,-0.6135483832210257,-0.29805341652274,0.37560044678589943,0.13115219168687534,-0.13231204144688288
1.2143737479059484,-0.9289746628207443,-1.002080018309494,-0.6572513334564792,-0.7699075841911159,-0.6788572483002627,-0.6456883513872976,-0.9518410685781317,-0.9437544040250987,-0.9787192462223974,-1.024368282023867,0.3605904673411514,-0.9425458059978756,-1.2264394774402796,1.5852650966217259,0.331865412189258,-2.2493050478870007,-1.0767267012927508,-2.397124851588261,-1.642808196288794
-0.32150455420223445,4.150011882486742,4.088934286549789,1.233650059641153,3.8485025550753154,0.8286985310740778,4.576594737240582,4.0302528678469995,4.023648974666931,2.2735321605251873,2.0358785675615034,-0.4652534066116034,0.9611590790593152,1.0169805146421491,-0.11296679174021108,-0.424383493924184,-0.056691693386442234,0.6088014775125017,0.13128206003715626,0.19462611051693543
0.34550545128474786,-0.11612371808225476,-0.29926619927694426,-0.4153403182905188,0.09288250110141741,-0.6922431912496141,-0.022246237347245422,-0.6624428649228733,-0.6466862822750414,0.4341397241817836,-0.8053013280771932,-0.3357580008839353,0.1335339413916336,-0.028427157922185878,0.030134119032247535,-0.34204941871821115,-1.5294493479255895,-0.14631302175370364,-1.1457134282782546,-1.140007690826019
-1.2605844303483806,0.34380860466338,0.6165020191370769,-0.49879039550125204,0.07574782095248248,-0.8203299833770081,0.19881318950780444,1.116578489610595,1.034066994393636,0.4035779039295371,1.4461968865535044,-0.16706865879546015,1.3476440275154915,1.3916885691470158,0.48450607734578005,-0.1897899632954139,0.2998807774992615,1.6287239809181382,0.03537428335446191,1.116354306696829
-0.9446323224861258,-0.5043483566190206,-0.5481839967884836,-0.8548430586400929,-0.15882300610608419,-0.8333305448401993,-0.443227803799506,-0.7102522761919227,-0.7131729571429114,-0.8888698533778033,-0.7514237047569822,-0.24901592860137248,-1.1096142275207181,-1.3256398136192327,-0.28602214593951003,-0.28206798983786496,-1.3909483217520502,-1.1852262696888975,-1.8100549741419278,-1.5011582708650681
0.9686332195686392,0.74405112862871,0.7786507943771733,-0.17887622163680397,1.0723360137307867,-0.1803487786118898,0.6587584413704626,0.15993364981626673,0.1329996531435614,0.410240145951856,-0.2624944603739175,-0.4404825142841052,0.2070440468616843,0.13266365348346107,-0.29822641827702506,-0.45162795314469956,-0.9232817867124907,0.09830901617249278,-0.9720145097770992,-0.5698296484395736
-0.11086981562739794,0.08006880593692522,0.0760943628651722,-0.5311315701684695,0.43554941542235265,-0.8257468839866711,0.323102801774572,-0.31487265710272133,-0.2980241864697162,0.6794003242126659,-0.4404377104493493,-0.23531152539051095,-0.016907194370126256,0.11086298963292301,-0.055606003225566615,-0.26025994804554736,-1.2054155953225134,-0.2089957589421743,-1.3374640474685024,-1.0650370895081012
-0.8305385057580894,-0.6815224418561746,-0.744751509866261,-0.9185541728637454,-0.3596697642848211,-0.813069719574803,-0.5211149456168909,-0.874864307073361,-0.8700374997389734,-1.00054769461214,-0.931624712029997,-0.2807877734572274,-0.926714084148806,-1.1537218268784217,-0.39346235664692525,-0.321862213784443,-2.1366883747320506,-1.1459167565368054,-2.5818625798633223,-1.8231216565016206
0.11731781782867495,1.8646509959229585,2.1971304243659624,2.1804976860964556,1.7609887876651473,1.272485524703144,1.004114957610715,2.2307245161084053,2.2973531116082646,0.017935520193827846,2.707627527999891,0.28359254642531906,0.1254191894890955,0.04692412988336114,0.7518260458743512,0.3454336418112015,0.2750678900740348,-0.036618231673877656,0.2373195680417866,-0.032729438299333974
0.9949625618904938,-0.685070706197022,-0.6633324566932601,-0.844989174984213,-0.6606551757146042,-0.7502040277730079,-0.6448358019184276,-0.30921499120751433,-0.32274056855712174,-1.4253654508085583,0.1686346200490701,-0.4213892708199735,-1.7184592893846775,-1.4451776818466726,0.3780173433494287,-0.5624928593858374,1.5171220844845381,-1.329715291004696,1.2425655333937082,0.16896678946051155
-0.32150455420223445,1.4708089778807936,1.119778525806443,0.6285790336905541,2.308069750441104,1.5767617253668251,2.311880874835188,-0.040147520445477654,-0.03785381158782077,1.5574199009883507,-0.4489369158310691,-0.7518037072417567,0.4958337469225982,0.3178961396229208,-0.4747046898836342,-0.6929752497537996,-1.8588968214214425,0.24173561821391115,-1.7875228153681317,-1.4036703061711056
1.1968208530247122,-0.9172297828426579,-0.9150615855419696,-0.7658193784865026,-0.8886500579675211,-0.7589330531833056,-0.6328024223815681,-0.7629217946103268,-0.7631165527440122,-0.4549449957013339,-0.7136484113529489,0.2433728082453737,0.29789744561363035,0.3088247224502135,0.4709089492971516,0.37806763474913047,0.09432856235164375,0.2968486180724197,-0.15338936377931606,-0.24123324103333355
-1.2430315354671442,-0.5168070026936294,-0.6811683683741618,1.1589845090565418,-0.5493230184654244,1.0307704836179288,-0.37083697590093956,-0.8961089678335957,-0.8904314620654654,0.5526655952166152,-0.943126583347252,2.4648123298151896,0.6049055592596536,0.541608992156282,2.403503867280836,2.1625487369554155,-1.5980231459007623,0.4029577431012073,-1.5603830707262485,-0.9821243173870045
0.16997650247238408,-0.6283037190933242,-0.6271688285456876,-0.6278770028276361,-0.6945854495922914,-0.66834684413226,-0.5702418252762874,-0.3022256249061948,-0.27931989732249035,-0.6488600467704039,0.15701961126805558,0.18534835732326524,-0.5599591207105659,-0.5174058061671136,1.6976696579835064,0.22535734221459314,1.5238328426745427,-0.22931452756470827,1.39691406770296,0.8739871822965296
0.10854137038805677,0.2807427325722935,0.24539564659798574,2.18872851691442,-0.0943977100043885,1.9263404629700258,0.487340762231545,0.2516128543434867,0.2832233871978563,2.523427492477428,-0.23462155870566334,1.7879656871347385,2.1895097592082156,2.1323258873444497,0.22691808680989395,1.386419044446547,-0.3577171321952169,1.98410322819854,-0.1615061356718934,1.0435656204347303
1.3109146697527485,-0.606372146819051,-0.72483464499596,-0.7746121703208575,-0.5107843157255401,-0.6169159330701662,-0.5139246957822211,-0.8681180620994384,-0.8640254067987937,-0.4802056713496349,-0.879995250410635,0.18700876535254846,-1.0044406783525286,-1.0839304399206626,-0.06518897685801832,0.12031020215633774,-0.6234405993490102,-0.9679615280780098,-0.4078663961554022,-0.7776352383557111
-0.3127281067616163,-0.8966543661517771,-0.9640690945211268,-0.8282217737871085,-0.774446622543135,-0.6809943638144232,-0.6314655030742544,-0.9503448364876813,-0.9403750576665664,-0.9075280622019805,-0.9788358014457763,0.29842320662404814,-1.0333992047498213,-1.4144519140036345,-1.3208741592729054,0.35989894100645897,-1.974502319652613,-1.143924720397341,-2.414397342175666,-2.0375602681874456
-0.32150455420223445,3.478962872181704,3.8601590344326886,0.27501171135295394,2.8575498830831414,0.29690980982912374,4.789848473695701,4.876136568798754,4.860312261479394,3.097428257168858,2.5991752994830604,-0.41023874709103453,1.9683429916684525,2.020688930848076,0.45225284364868706,-0.39977163878512967,-0.1539694906785253,1.6362937182481012,0.10154220782275292,0.659024910997308
1.01251545677173,-0.9489528548850996,-1.0111080436808262,-0.8485544786133862,-0.9222823459579776,-0.7969187318366389,-0.6493943377493709,-0.9745236353363852,-0.9651700292041703,-0.1838572019275395,-1.024049666923723,0.25451946831397687,0.665686642137488,0.7628345206261596,-0.5754943805723122,0.23900803693497005,-0.7974127759554309,0.15355481844029767,1.132112501479515,-1.5402581886653326
0.17875294991300228,-0.5969113183498361,-0.5605499488348425,-0.8118248440917634,-0.5587376531904884,-0.7532493500063009,-0.5212339476426859,-0.4524572494403482,-0.4320191990580357,-0.7871941260505553,-0.02288065384813536,-0.03847155409585102,-0.522647173237131,-0.5036523672278486,-0.06329515747573324,-0.004946747481956753,0.6284823571056173,-0.5249326906611856,0.4475764271471115,-0.3141964804998983
1.2143737479059484,-0.749953254143947,-0.8469302664610947,-0.5458546854815316,-0.5823236842533158,-0.4286395597406761,-0.5555276986886128,-0.930365946333144,-0.9232425575233091,-0.6550457027530552,-1.0089951197951388,0.5271934328483282,-0.6997397000513443,-0.7779895801121214,0.39161814208696594,0.5044472818188892,-1.488564476599931,-0.8388775862407337,-0.4274115828727277,-1.3636976223485133
-0.014328893780597865,-0.8591643060040435,-0.9185851288619479,-0.5108093979969308,-0.7876573957614521,-0.5819135922152892,-0.58428111559733,-0.9233407588646257,-0.9119256766947355,-0.23449675733228473,-0.9612150878982016,-0.9692678974085843,-0.1773724354232562,-0.5032134276872342,-1.7667633262482794,-1.0004294157781517,-0.90484129992147,-0.11178439533632559,-1.0998699006289774,-0.9953030843241474
-1.8573828563104173,-0.6130746927457729,-0.6120824206761849,-0.14620670608678338,-0.7367667327166703,-0.3556596251587488,-0.5428667256362468,-0.33607427131329937,-0.3332322601586119,-0.19724146117037436,-0.11559586107774004,0.8373004705454741,0.05525045244950177,0.08452661719603391,0.01732742688942335,0.9461454187925377,1.5814100200862624,0.3489071625170809,1.8095058165464515,1.332189344018379
0.42449347825031153,0.4154545904469561,0.482107032552507,-0.3461380703477474,0.16296579264841002,-0.8185162649141707,-0.1232375698169588,0.7465449601177305,0.7817162698064842,-0.23830163717779165,0.7527967305577173,-0.24466448114824796,-0.32121039071530383,-0.25374945543780186,0.4405553397927107,-0.2747637588603778,1.1051717602998061,-0.27805301177693137,1.1178919171237198,0.5654643934038185
0.8018807181968937,-0.535035862934983,-0.5079990098360554,-0.5479311544772767,-0.30371769562233086,-0.5866055444349028,-0.5872657495911839,-0.6343688350828847,-0.6314399289365464,-1.4799824802121597,-0.3192662064188831,0.044000207600637734,-1.6839318156032899,-1.7288789382640626,-0.7116825731636406,0.14007210485656085,-0.31384343579333895,-1.634098413114816,-0.635720416723834,-1.2643768490076632
-1.4799956163638353,-0.3022456880175633,-0.19572754993963398,-0.2176027450961433,-0.42477997562463166,-0.6270975502359905,-0.4049704428023887,0.9481660944510789,0.8907198372317037,-0.551418395982014,1.4441519181048823,0.032605307355463346,0.10839412177200565,0.15812214683911943,1.8116347743206107,0.10299085706707452,0.9621593000489531,0.5676327306302427,0.6899757029470411,0.9849157437343334
-2.08557048976649,-0.389208207065609,-0.386549147494443,0.7326599483714291,-0.6084493518020164,0.5969522040958991,-0.36939062738565814,-0.24472221902113625,-0.23326647950621165,0.480357530465948,-0.2422845621312376,-2.2032041329180445,1.1587771548034773,1.1158882244606938,1.2774611428021534,-2.247303797114463,0.9723100267229091,1.5198260052940988,0.8061429422736084,1.8954725348284376
-1.2254786405859077,-0.5745361626257467,-0.588914639027985,-0.4000904970970678,-0.3189650662677153,-0.6775367103406931,-0.3525135073397511,-0.7301226327370512,-0.7322308988160301,-0.1962769802697568,-0.840048127290268,-0.40484507726234475,0.15127501662953538,-0.06822434293793084,-0.8057890917752661,-0.433790794214004,-1.6828381065542646,-0.01590105582345082,-1.728108045114465,-1.3663159204154955
0.9335274298061664,-0.2516199121477291,-0.2559686086599253,-0.5685634548161322,-0.35349850381079734,-0.3716219646169746,-0.3455893797344476,-0.27182891222625594,-0.2835637276332055,-0.01231692301910839,-0.2972782515834217,0.3253828625317418,0.15278658806236123,0.296388102132793,0.40176785301394047,0.2515498481743817,0.8947697535190752,0.24651650494862432,0.9860106074131225,0.9929451911397448
-0.18108139515234345,-0.09791300443657562,0.07811051669615583,0.25853249529246,-0.15447163115810983,-0.21919145945122934,-0.3940669085168071,0.20489429301356135,0.22231656329407468,-0.9346336912648603,0.2423538493330067,-0.6347434923046603,-0.5483438875951684,-0.23809394515587276,0.5940954337267769,-0.889563253723332,0.6766419158809439,-0.26583519012155055,0.47984871219199815,0.22045998477782436
-0.207410737474198,0.5670790754900638,0.3311627367206831,3.392491729789272,-0.06445893559476375,3.5860653348936258,-0.10616730843007133,0.0999088222471777,0.11417747982103793,0.21585793286085214,-0.040500638478772055,2.884948686553473,-0.14690233759313812,-0.08680611682395824,0.30503051751554666,2.9665930745862816,1.089720098585005,-0.18456011563141458,1.2740586083369083,0.8167337312318574
-0.10209336818677975,-0.35581161564431524,-0.39103326309681247,-0.4180521843120851,-0.4057638855701778,-0.2993481135971031,-0.5348318773530145,-0.3866000498753941,-0.3680080918714162,-0.9998287766878952,-0.20871035118743952,-0.8305653891008533,-1.127593971932224,-1.0372565354352852,-0.8617767011786445,-0.936087801794848,1.3628310390404,-0.9257303619213695,1.3144476652743733,0.41360310551886276
0.8106571656375118,1.105186125885204,1.3716513975078037,0.7501741440469075,1.3531133353705453,1.82811399858147,0.6252662163584519,0.9375902339222713,0.9061233694705955,-0.14300866243265128,0.7761417589493389,-0.925646206303022,0.0468970313733596,-0.08651349046354902,-0.3913198694322941,-1.0582039614151424,-0.708142774150579,-0.1034178435505759,-0.9543524141388505,-0.6400873132369237
-1.286913772670235,-0.4984365990060166,-0.4923968884519888,-0.4724139217275152,-0.32937195719500323,-0.3325771606205581,-0.376294008620093,-0.5962444479415163,-0.6039729160921958,-0.44072711477555515,-0.5991483152556717,-0.692204814732835,-0.3879582029332397,-0.40781723419360905,-0.7929240100693368,-0.8010903426365151,-0.8693137565626219,-0.5174957557405199,-1.1729857818373146,-1.2273715696609846
-0.32150455420223445,2.438707258864245,2.1956400391224005,1.6041961677049958,2.4786496041863777,1.4542481424239,2.5800809006341305,1.2740118979806685,1.2688529768614394,1.6946551398007699,0.35385969672506357,-0.7003542402959898,0.509835671774036,0.5692621832150166,-0.2763028019458593,-0.6373180059842015,-0.8125260801144312,0.24054039653023168,-0.5827990639842296,-0.5098706227056856
-1.9188179883947447,-0.2788535164203501,-0.22826755327538542,0.12836497427347937,-0.18838336344198428,-0.25227767277701657,-0.4280203980181823,-0.13591707213702323,-0.13389011973029963,-0.899924764694554,0.14046062867428533,0.26916274098642273,-0.6836693090286707,-0.7879388763660579,-0.5239216709125902,0.3523757798437906,0.4040385117592476,-0.5869514158031698,0.13874949017832802,-0.11328574216014677
0.9686332195686392,0.4718663075331193,0.7410709650791215,0.13913315087545863,0.27196423747633436,0.6040130397164549,0.4131582693198373,1.4242045391087277,1.351489783745086,0.7598572024687075,0.9217903614556386,-0.8961162503569788,1.4824921106017859,1.5412206393164698,0.24562652111652117,-0.9481431945348705,0.2344649833782091,1.5991090436447706,0.037322308608680556,1.0718432395581357
-0.8919736378424167,0.30084109542578075,0.2942186114732961,-0.6250018075141788,0.5484969387991618,-0.6798759490119307,0.06049113216926583,-0.23813658774886168,-0.26175515520314174,-0.2440839452014477,-0.2547767319312023,-0.2948370083530536,-0.32041482680329014,-0.48082751111587724,-0.5533161635511458,-0.3262043988912958,-0.8813254497934692,-0.4785846498163206,-0.9425993284383997,-0.9208561426196259
0.21385873967547503,-0.005018161633761604,0.028025305008119516,-0.1665574041982403,-0.04970038878626193,-0.3368918162802946,-0.2061207957987144,-0.4555893406896715,-0.435005598165576,-0.12450662304520096,-0.6751731861705896,0.18590858807194707,-0.03425048765202106,0.09945056157693684,0.03249189641961351,0.13983894211632014,-0.19677172148704086,-0.055608976203436765,-0.009560165842844984,0.07392256962906596
-0.24251652723667075,-0.8339046480831045,-0.8492668419471411,-0.7186992069213575,-0.7156939304151947,-0.786680520186833,-0.6214451533808205,-0.94850290150985,-0.9384103214116056,-1.0825654594625063,-0.9836530073188535,-0.3942547842820878,-0.7130256173819705,-1.17201097440404,-0.8531444786559607,-0.4886983172156109,-1.7052824910889015,-0.9508300172786176,-1.574214050031197,-1.6382698129726918
1.0827270362966757,-0.909784033008653,-0.9453804456280802,-0.7969722648975336,-0.9438463319355485,-0.7807596591721914,-0.6941059579106507,-0.7388773376133821,-0.7387931179075988,-1.2695511649209235,-0.5910822314573309,0.3827852641397966,-1.404927551660143,-1.2548242344000389,0.6282157249230652,0.5888245658850327,2.0014245326841937,-0.6602583457354498,2.0914500050070175,1.3737330066811597
-0.32150455420223445,2.6657235902957845,2.548072577242455,1.4216213750156028,2.6492378859288395,1.6076838734241747,2.7511373612345733,1.3759990618410098,1.3707049043186017,1.682336602334775,0.4024966644701034,-0.7051190994050383,0.47467174686303765,0.5929649184082176,-0.18616246270002323,-0.6384921917766166,-0.6362417935433881,0.26099196756206394,-0.41117803908757294,-0.37459188924494957
0.538587294978348,-0.8094958638704489,-0.8475927840393799,-0.6049301516098714,-0.7106275803724695,-0.5162154812389885,-0.6685017137259665,-0.896680515636338,-0.8861090423045519,-1.5449581206508276,-0.8536277631797488,0.47511515518291997,-1.8432037107884,-2.1972274281000925,-0.6070576528018676,0.7917615452248182,-0.7448545689547229,-2.060526949369438,-1.0909089844595727,-1.655550580214773
0.9686332195686392,0.34299039482731003,0.6566664490516628,0.37877518352294326,0.37839017662935415,0.47984474186092635,0.08151036520505553,0.952325825337344,0.894649309741625,-0.19989580307943983,0.7881858883603928,-0.7959073899742024,0.41707291963325793,0.5215640864682043,0.6296765310614177,-0.9072714824493703,0.36602967965787697,0.4502354008111572,0.21913799900241326,0.24803939108336823
0.16997650247238408,-0.7260953199244268,-0.7281648851264022,-0.4426182117656739,-0.7464670765463949,-0.8822443488528277,-0.5773785768551131,-0.261702027473471,-0.23754960454202598,-0.5381200299293792,0.25964114334340993,-0.18359449996649416,-0.3979027518334089,-0.4057688496707394,3.1163169525245107,-0.20775898266269077,1.5692855410034816,-0.03157174012056895,1.3239929890200437,0.9851775735410329
0.11731781782867495,0.5519387658324756,0.7679859372122595,-0.22588404488473243,0.38391416691936764,-0.6705863687126729,-0.09047178371993368,1.9038106501749985,1.9628371168386565,-0.616305181396337,3.625055624261181,-0.10825891891011293,-0.6369697073934761,-0.5858803745030287,0.695596085638144,-0.10826714372783691,0.8362338963659257,-0.5200190015171743,0.7466632378448008,-0.00515003199379072
1.468890723683876,-0.0965701563566777,0.009456266792865901,-0.8082185801386049,-0.15356590239367904,-0.5329674484975284,0.32138411764981645,0.02949817921794514,-0.0041782321777944316,1.979707443052136,-0.33119125620363565,-0.4620485003631091,2.357771526599078,2.2880031110825114,-0.5917411057765438,-0.4501239069585507,-0.6408660134726353,2.117968056770529,-0.5400723767417014,0.5858871183262782
-0.058211130983688804,0.09193950231168671,0.01585352759094432,-0.9108916226550149,0.04331716870771463,-0.7724079303217708,0.23547834552439612,-0.1664636833780386,-0.14587501088555987,1.53875226814644,-0.29119081520843787,-0.28673008305359193,0.6031553186532239,0.6147655822587547,-0.08666643375706712,-0.2900005462607764,0.18168120467363516,0.4277917936398598,0.3452401671254956,0.30197633126319745
-0.32150455420223445,3.005548838623112,2.461703970316809,-0.3784971651567084,3.6302089999184615,-0.5339645894057748,3.8173333785563615,0.34724203184174085,0.354621902703128,2.0853237560802547,-0.3201763245939588,-0.2638514183755213,0.5117450251628686,0.40612298728650215,-0.5480511151832757,-0.27580147956604517,-1.6152229883205216,0.1150421197439912,-1.224283780198403,-1.0108383195215735
